Lemma,SFI Rank,SFI,Adjusted Frequency per Million (U),definition
the,1,87.85,60910,used to refer to something already mentioned
be,2,86.86,48575,To exist; to be alive; used to give information about someone or something
and,3,84.88,30789,used to refer to two or more things
of,4,84.79,30126,belonging to or connected with something
to,5,84.66,29272,move towards; in the direction of
a,6,84.45,27872,one (of something)
in,7,83.25,21142,being inside something
have,8,81.53,14210,"to own, possess, or hold something"
it,9,81.39,13772,a thing that has been previously mentioned
you,10,81.08,12810,person someone is speaking or writing to
he,11,80.42,11017,object form of a male person you are talking about
for,12,80.01,10025,"used to show the purpose, or need of something"
they,13,79.9,9764,"used to refer to two or more people, animals, or things"
not,14,79.77,9494,"word indicating the negative of verbs, adjectives, etc."
that,15,79.37,8653,used to show which person or thing we are talking about
we,16,79.24,8401,used to refer to the speaker and other people together
on,17,78.9,7763,"located on the surface of something (e.g., a table or wall)"
with,18,78.68,7381,used to express that people or things are together
this,19,78.45,7003,"person, thing, or idea near you"
I,20,78.34,6820,the person who is speaking or writing
do,21,78.33,6802,to act; to perform actions
as,22,78.29,6747,a word used to compare two equal things
at,23,77.46,5570,in the place where something is
she,24,77.16,5195,female person or animal mentioned before
but,25,77.06,5087,"used before you say something different, opposite"
from,26,76.63,4598,"starting at a particular place, time, or level"
by,27,76.36,4323,near; with
will,28,76.23,4195,used with verbs to express the future
or,29,76.09,4060,"used to link alternatives, to introduce another choice"
say,30,75.35,3425,to use words to tell a message
go,31,75.13,3260,to move or travel to another place
so,32,75.09,3227,for that reason
all,33,75.02,3175,completely; totally
if,34,74.78,3009,introducing a condition for something to happen
one,35,74.77,2997,number 1
would,36,74.77,2997,"modal verb used to indicate possibility, request, etc."
about,37,74.72,2967,of (a subject); concerning
can,38,74.61,2890,to be able to; have the skill to; have the time to
which,39,74.6,2886,question word to ask about a person's choice
there,40,74.5,2820,"in that place or position, at that location"
know,41,74.21,2634,to have knowledge of things in your mind
more,42,74.2,2631,"greater in amount, number, or size"
get,43,74.1,2573,"to obtain, receive, or be given something"
who,44,74.04,2534,"what or which person or people, to ask about, talking about"
like,45,73.92,2465,to find something pleasing; to prefer something
when,46,73.86,2435,word you use to ask about the time or day
think,47,73.86,2433,"to have an idea, opinion, or belief about something"
make,48,73.73,2359,to create something by putting things together
time,49,73.62,2302,"something measured in minutes, hours, days, etc."
see,50,73.48,2226,to use your eyes to look at something
what,51,73.43,2204,asking for information about someone or something
up,52,73.32,2150,move higher; raise
some,53,73.28,2130,used to refer to a person or thing that is not known
other,54,73.22,2100,something else; not the first one
out,55,73.15,2064,away from the inside or center
good,56,73.09,2038,excellent; high quality
people,57,73.05,2019,human beings in general; plural of person
year,58,72.9,1949,unit of time equal to 12 months
take,59,72.73,1873,to pick up something and go away with it
no,60,72.68,1854,being none; not having or being
well,61,72.64,1835,in a good way
because,62,72.61,1824,for a reason
very,63,72.53,1792,much; great in amount
just,64,72.43,1751,only; a short time ago
come,65,72.29,1694,to move toward someone; go with someone
could,66,72.27,1688,"used as the past form of can, to show possibility"
work,67,72.24,1674,activity you do in order to make money
use,68,72.19,1657,"to do something with, for a task or purpose"
than,69,72.02,1591,used when comparing two things
now,70,71.94,1563,at the present time or moment
then,71,71.91,1554,at that time not now
also,72,71.91,1552,in addition; too; in a similar way
into,73,71.7,1477,going inside something
only,74,71.69,1475,just one; just that amount or thing; not more than
look,75,71.37,1370,to turn your eyes in a particular direction
want,76,71.31,1354,to desire or wish for something; hope for a thing
give,77,71.24,1332,to hand over or present something to someone
first,78,71.21,1321,coming before all others in time or place
new,79,71.1,1290,"not old, recently born, built, or made"
way,80,71.07,1279,how something is done
find,81,70.92,1236,to discover something by looking for it
over,82,70.92,1235,above; across; more than; on the other side
any,83,70.88,1224,one (thing) of many; some (thing)
after,84,70.83,1210,"later than another time, or behind something"
day,85,70.75,1187,a period of 24 hours
where,86,70.75,1187,word you use to ask the location of something
thing,87,70.65,1161,something you cannot remember the name of
most,88,70.59,1146,nearly all of something
should,89,70.54,1132,used to indicate what is proper or reasonable
need,90,70.53,1129,to be unable to manage without something; require
much,91,70.51,1125,a lot; large amount; a high degree of
right,92,70.47,1113,on side where the hand that most people write with
how,93,70.39,1093,in what way something happens or is done
back,94,70.22,1051,behind; to the rear; previous
mean,95,70.09,1021,to have a particular meaning or value
even,96,69.95,988,as well; too
may,97,69.82,959,used to talk about what is possible
here,98,69.77,947,"in, at, or to this position or place"
many,99,69.75,945,used to refer to a large number of things
such,100,69.71,936,"so like, or similar"
last,101,69.62,917,the one before
child,102,69.59,910,"a very young person, between about 2 and 15"
tell,103,69.55,901,to say or communicate information to someone
really,104,69.4,870,very
call,105,69.39,869,to phone someone
before,106,69.29,849,at a time earlier than the present; previously
company,107,69.25,842,a business that sells things or provides services
through,108,69.23,838,from one end or side of something to the other end or side
down,109,69.21,833,going from a higher position to a lower position
show,110,69.18,827,to explain or teach how something is done
life,111,69.09,812,"all the living things (e.g., animals, plants, humans)"
man,112,69.07,807,an adult male human being
change,113,69.02,799,"to make or become different, or into something else"
place,114,69,795,to put something in a certain location or position
long,115,68.98,791,large distance from one end to the other
between,116,68.94,784,in the space that separates two objects
feel,117,68.92,780,to be aware of or experience an emotion or sensation
too,118,68.82,763,say that something is more than you want
still,119,68.76,752,happening in the past and continuing into the present
problem,120,68.65,733,something difficult to deal with or causes trouble
write,121,68.65,732,to make letters and words on paper or a screen
same,122,68.58,721,identical; not different
lot,123,68.54,715,"A large quantity, or number taken together"
great,124,68.51,710,very good; fantastic; wonderful
try,125,68.45,699,"to make an effort, to attempt to do something"
leave,126,68.44,699,to go away from; depart
number,127,68.44,698,"symbols such as 1, 2, 56, 793"
both,128,68.42,695,used to refer to two things at the same time
own,129,68.4,693,"yours, his, hers, etc.; not belonging to another"
part,130,68.4,692,"some, but not all of a specific thing"
point,131,68.35,684,to indicate something with your finger to others
little,132,68.33,681,"not great in size, amount, or degree; small"
help,133,68.32,680,to act to enable a person to do something; assist
ask,134,68.29,675,to say to someone that you want something
meet,135,68.26,671,to come together at a certain time or place
start,136,68.26,669,first time or place that a thing exists; beginning
talk,137,68.23,665,to say things or ideas to someone with words
something,138,68.23,665,thing that is not yet known or named
put,139,68.16,655,to move or place a thing in a particular position
another,140,68.16,655,one more (thing); additional (thing)
become,141,68.15,654,to begin to be; grow to be; develop into
interest,142,68.15,653,to make someone want to know about something
country,143,68.15,653,an area of land that is controlled by a government
old,144,68.11,647,"having existed for a long time, not young or new"
each,145,68.1,646,every one of two or more things
school,146,68.05,638,building where you learn in classes with a teacher
late,147,68.05,638,happening near the end of a given time
high,148,68.04,637,rising upward a great distance
different,149,68.03,636,not of the same kind; unlike other things
off,150,68,630,away from; not on
next,151,67.92,620,immediately after the previous one
end,152,67.92,619,a point that marks the limit of something; finish
live,153,67.84,608,to be alive
why,154,67.83,607,for what reason or purpose
while,155,67.77,598,during the time that; at the same time
world,156,67.76,597,"all the humans, events, activities on the earth"
week,157,67.75,596,"period of seven days, starts on Sunday and end on Saturday"
play,158,67.73,593,to do or perform a game or sport
might,159,67.68,587,used to express that something could happen
must,160,67.68,586,used to say that something is required or necessary
home,161,67.67,585,place where a person or a family lives
never,162,67.63,580,not ever; not at any time
include,163,67.6,575,to make someone/something part of a group
course,164,67.6,575,"route or direction that a river, etc., moves along"
house,165,67.57,572,"building in which a family, person lives"
report,166,67.56,570,account of something which gives the necessary facts and information
group,167,67.55,569,number of people or things gathered together
case,168,67.55,569,example or instance of something
woman,169,67.55,568,adult female human being
around,170,67.54,568,"located on every side, or along something"
book,171,67.53,566,thing made of pages with writing on that you read
family,172,67.52,565,a group of people who are related through blood
seem,173,67.5,562,to appear to be something
let,174,67.44,555,to not stop someone from doing something
again,175,67.44,554,"one more time, once more"
kind,176,67.43,554,one type of thing
keep,177,67.41,551,to have and continue to hold something
hear,178,67.37,546,to be aware of sound; to perceive with the ear
system,179,67.36,545,"set of organized, planned ideas that work together"
every,180,67.36,545,including each person or thing in a group
question,181,67.34,542,to ask for or try to get information
during,182,67.32,540,at some point in the course of an event or thing
always,183,67.25,531,at all times; in every situation
big,184,67.22,527,large
set,185,67.21,526,"complete group of something (e.g., a chess set)"
small,186,67.2,525,little in size; not big
study,187,67.19,524,to focus on learning something usually at school
follow,188,67.17,521,to come after someone; be guided by someone
begin,189,67.14,518,to do the first part of an action; to start
important,190,67.14,518,"having a big effect on (person, the future)"
since,191,67.12,515,from the time in the past that
run,192,67.08,510,to move your legs faster than walking
under,193,67.07,509,"in the same place as another thing, but lower"
turn,194,67.07,509,"to change the direction of something (e.g., a car)"
few,195,67.07,509,not many; small in number
bring,196,67,502,to take or go with someone to a place
early,197,66.98,499,happening sooner than expected
hand,198,66.97,497,body part at the end of a person's arm
state,199,66.94,494,"region within a country, with its own government"
move,200,66.93,493,to cause something to change to a different place
money,201,66.92,492,coins or notes we use to pay for things
fact,202,66.86,486,something that is known or proved to be true
however,203,66.8,479,used to say something is different from what was said before; but
area,204,66.78,477,a specific section or space; part of a region
provide,205,66.78,476,to make available; to supply for use
name,206,66.74,472,what something or someone is called
read,207,66.73,471,to look at and comprehend the meaning some writing
friend,208,66.7,468,person who you like and enjoy being with
month,209,66.7,468,"one of 12 time periods that make a year, each from 28 to 31 days long"
large,210,66.67,464,"big; of great size; broad, tall, wide, long, or fat"
business,211,66.67,464,"the making, buying, or selling goods or services for money"
without,212,66.64,461,used to say you don't have something or it isn't in a place
information,213,66.62,459,collection of facts and details about something
open,214,66.61,459,not closed or shut
order,215,66.59,456,"to ask for something you want to buy (e.g., a meal)"
government,216,66.58,455,group of people and system which rule a nation
word,217,66.58,455,unit of language that has a meaning
issue,218,66.56,453,"important topic discussed, debated, or argued over"
market,219,66.53,450,public event where people sell goods on tables
pay,220,66.51,447,to give money for goods or work done
build,221,66.5,446,"to make (e.g., a house, by putting materials together)"
hold,222,66.45,442,to use hands or arms to carry or keep something
service,223,66.44,440,to maintain a piece of machinery so it runs well
against,224,66.39,436,in opposition to; disagreeing with
believe,225,66.38,435,to think or accept that something is true
second,226,66.36,433,2nd; the one following first
though,227,66.34,430,"although, despite the fact that"
yes,228,66.33,430,way to say you agree or will do something
love,229,66.3,427,to care for and like someone very strong and deeply
increase,230,66.28,425,to make or become something larger in size or amount
job,231,66.28,425,regular work of earning money
plan,232,66.28,425,to decide a set of actions to do something
result,233,66.27,424,to be the outcome of other causes and effects
away,234,66.27,424,not here; far from here; in a different direction
example,235,66.24,420,something or someone who represents a group
happen,236,66.23,420,to take place or occur
offer,237,66.21,418,to give the opportunity to accept something
young,238,66.2,417,at an early stage of existence; not mature
close,239,66.19,416,next to; only a short distance away
program,240,66.17,414,planned set of actions; a schematic system
lead,241,66.13,410,to show the way or guide others
buy,242,66.07,405,to get something by paying money for it
understand,243,66.05,403,"to know the meaning of language, what someone says"
thank,244,66.01,399,to tell someone you are grateful to them
far,245,66,398,a long way away
today,246,65.94,392,on this day; at the time that is happening now
hour,247,65.93,391,60 minutes; one of 24 equal units of time in a day
student,248,65.92,391,person studying at school
face,249,65.91,390,"front part of the head where eyes, nose, and mouth are"
hope,250,65.89,388,when you wish something would happen; what you wish
idea,251,65.87,387,"belief, thought, suggestion, opinion, or plan"
cost,252,65.86,386,price you pay for something
less,253,65.86,385,smaller in amount or degree
room,254,65.85,385,"a part of building enclosed by walls (e.g., kitchen)"
until,255,65.83,383,"up to, to indicate a point in time when something happens"
reason,256,65.83,383,explanation for why something occurred or was done
form,257,65.79,379,visible shape or style; type; kind
spend,258,65.78,378,to use money to pay for something
head,259,65.77,378,top part of your body with eyes and a mouth
car,260,65.77,377,a vehicle with four wheels and engine that can carry things
learn,261,65.74,375,to get knowledge or skills by study or experience
level,262,65.71,373,to make things flat or even
person,263,65.66,368,"man, woman, or child"
experience,264,65.63,365,"knowledge gained by living life, doing new things"
once,265,65.62,365,one time; one instance
member,266,65.61,364,person or thing belonging to a group or team
enough,267,65.6,363,equal to what is needed; as much as required
bad,268,65.59,363,not good; wrong
city,269,65.59,362,a heavily populated area with many buildings and roads
night,270,65.58,361,time when sun does not shine
able,271,65.57,361,"having the power, skill, knowledge, or money to do something"
support,272,65.55,359,to give assistance or advice to someone
whether,273,65.55,359,if something will happen or not
line,274,65.54,358,"mark that is long, straight, and very thin"
present,275,65.54,358,gift
side,276,65.51,356,straight edge of an object
quite,277,65.5,354,very; in a complete or total manner
although,278,65.46,351,despite the fact that; however
sure,279,65.45,351,having no doubts about something
term,280,65.44,350,fixed period of weeks for learning at school
least,281,65.44,350,in the smallest or lowest way
age,282,65.43,349,number of years a person has lived (also of things)
low,283,65.43,349,"not high; being near the ground, or bottom"
speak,284,65.42,348,"to use words to tell information, express thoughts"
within,285,65.4,347,"not beyond the limits of a particular space, time, or range"
process,286,65.4,346,to adopt a set of actions that produce a particular result
public,287,65.35,343,concerning society in general
often,288,65.33,341,"many times, frequently, on many occasions"
train,289,65.29,338,vehicle that carries people and runs on rails
possible,290,65.28,337,"having a chance of happening, or being true"
actually,291,65.28,337,used to add new (often different) information
rather,292,65.27,336,somewhat; fairly; not that much
view,293,65.26,336,things you are able to see from a specific place
together,294,65.24,334,near close in the same place not far in a family or group
consider,295,65.24,334,to think carefully about something
price,296,65.14,327,to determine or set the cost of something
parent,297,65.14,326,person's mother or father
hard,298,65.12,325,"difficult to bend, break or cut; solid"
party,299,65.08,322,"social event often with food, drinks, and dancing"
local,300,65.06,321,"relating or restricted to a particular area, city, or town"
control,301,65.05,320,to direct or influence the behavior of something
already,302,65.02,318,having happened or been done before this time
concern,303,65.02,317,feeling of worry or anxiety
product,304,65.01,317,item that can be bought
lose,305,65,316,to be unable to find something you once had
story,306,64.98,315,an account or description of how something happened
almost,307,64.98,315,"only a little less than, nearly, not quite"
continue,308,64.96,314,"to do something without stopping, or after pausing"
stand,309,64.95,313,to be upright; not be sitting or lying down
whole,310,64.95,313,complete or full; all of
yet,311,64.95,313,until now; up to the present
rate,312,64.94,312,speed or frequency of events over time
care,313,64.93,311,to look after someone or something
expect,314,64.93,311,to believe something is probably going to happen
effect,315,64.93,311,change brought about by a cause; result
sort,316,64.92,311,group or class of similar things or people
ever,317,64.92,311,at any time; at all times in the future
anything,318,64.92,310,thing of any kind; used to refer to a thing in questions
cause,319,64.9,309,to make something happen; create effect or result
fall,320,64.89,309,dropping from a standing position to the ground
deal,321,64.89,309,"to give out (cards, etc.) to; distribute"
water,322,64.87,307,"clear liquid that forms the seas, rivers, and rain"
send,323,64.86,306,to cause mail or package to go to another place
allow,324,64.84,305,to let or permit someone do something
soon,325,64.84,304,at a time not long from now
watch,326,64.8,302,to look at carefully to work out what is happening
base,327,64.78,300,origin or start from which something came
probably,328,64.75,299,likely to happen or be true
suggest,329,64.74,298,to mention something that could be done; propose
past,330,64.73,297,"the time that existed before now (e.g., long ago)"
power,331,64.72,296,legal or official right to perform certain actions
test,332,64.71,296,examination; questions to measure knowledge
visit,333,64.7,295,"to go to a place for a time, usually for a reason"
center,334,64.7,295,place in the middle of something
grow,335,64.69,294,to develop and become bigger or taller over time
nothing,336,64.68,294,"not anything, not a single thing"
return,337,64.68,294,to come back to a place again
mother,338,64.67,293,a female who has a child or children
walk,339,64.63,291,to move with your legs at a slowish pace
matter,340,64.63,290,problem or reason for concern
mind,341,64.62,290,part of humans that allows us to think or feel
value,342,64.61,289,to say how much money something is worth
office,343,64.59,288,building of set of rooms used to do business or professional activities
record,344,64.59,287,being the highest or most extreme level achieved in an area
stay,345,64.57,286,to spend time visiting a place or someone's home
force,346,64.57,286,to use physical strength or violence to persuade
stop,347,64.55,285,to finish moving or to come to an end
several,348,64.54,285,more than two but not many
light,349,64.53,284,not heavy; weighing only a little
develop,350,64.51,282,"to grow bigger, more complex, or more advanced"
remember,351,64.5,282,to bring a previous image or idea to your mind
bit,352,64.49,281,small piece of something
share,353,64.48,281,"part of a company you own, shown by a certificate"
real,354,64.47,280,"actually existing or happening, not imagined"
answer,355,64.46,279,solution to a problem or test question
sit,356,64.44,278,to be in a resting position on a chair
figure,357,64.43,278,to understand after thinking; work out
letter,358,64.43,277,message you put in an envelope and send by post
decide,359,64.41,276,to make a choice about something or choose after thinking
language,360,64.39,275,words or signs used to communicate messages
subject,361,64.35,273,"the person, or thing that is being talked, or written about"
class,362,64.35,272,"rank or level in society, ranked from high (rich professional people) to low (ordinary people)"
development,363,64.31,270,act or process of growing bigger or more advanced
town,364,64.31,269,small city
half,365,64.29,269,the part you get when one is divided into two; ½
minute,366,64.28,268,unit of time equal to 60 seconds
food,367,64.28,268,what people and animals eat to live
break,368,64.28,268,"to separate into pieces by force, or by dropping"
clear,369,64.25,266,easy to understand; well-explained; obvious
future,370,64.24,266,time that is to come after the present
either,371,64.24,266,one of two (used when there is a choice of two)
ago,372,64.24,265,at a specified length of time in the past
per,373,64.24,265,for each; during each
remain,374,64.24,265,"to be left behind, to continue to exist"
top,375,64.23,265,highest or upper part or point of something
among,376,64.23,265,in the center of some things; in relation to several things
win,377,64.21,264,to succeed in a game or contest
color,378,64.2,263,"the quality of things you can see (e.g., red, blue)"
involve,379,64.16,260,to have or be included as a part of something
reach,380,64.15,260,to come to or arrive at a goal or destination
social,381,64.15,260,involving activities among people especially free time activities
period,382,64.13,259,set amount of time during which events take place
across,383,64.12,258,from one side to the other of something
note,384,64.12,258,to make mention of something; to make a remark
history,385,64.12,258,study of past event
create,386,64.11,258,"to make, cause, or bring into existence"
drive,387,64.11,258,to control a vehicle so that it moves somewhere
along,388,64.1,257,at a point on a line
type,389,64.09,257,group of things or people sharing common features
sound,390,64.08,256,waves traveling in air or water that can be heard
eye,391,64.07,256,part of the body that you see with
music,392,64.07,255,sounds that are sung or played to give pleasure
game,393,64.07,255,activity with rules that people play to have fun
political,394,64.06,255,concerning government or public affairs
free,395,64.06,255,costing no money
receive,396,64.05,254,to get something that someone has given or sent to you
moment,397,64.05,254,very short or brief period of time
sale,398,64.04,254,giving something for money; the amount sold
policy,399,64.04,253,"course of action proposed by an organization, etc."
further,400,63.99,251,extra; in addition
body,401,63.98,250,a person's physical self
require,402,63.97,249,"to need something, to make it necessary"
wait,403,63.96,249,to spend time until an expected thing happens
general,404,63.95,248,"widespread, normal or usual"
appear,405,63.95,248,"to be seen, become visible; come into sight"
toward,406,63.95,248,facing or moving in the direction of something
team,407,63.95,248,group of people working on a task together
easy,408,63.95,248,not hard to do; not difficult
individual,409,63.95,248,"single person, looked at separately from others"
full,410,63.95,248,containing or holding as much as possible
black,411,63.94,248,color of the sky on a dark night
sense,412,63.92,247,"to perceive using sight, sound, taste touch or hearing"
perhaps,413,63.91,246,"possibly, but not certainly; maybe"
add,414,63.89,245,"to put two things or numbers together (e.g., 2+2)"
rule,415,63.88,245,statement that says how things should be
pass,416,63.86,243,to travel through or near a place
produce,417,63.86,243,to manufacture something using machines
sell,418,63.86,243,to exchange something for money
short,419,63.81,241,small distance from one end to the other
agree,420,63.81,240,to have the same opinion as someone else
law,421,63.79,239,system or rules made by the government
everything,422,63.77,238,all of the things mentioned
research,423,63.75,237,to carefully study to find and report new knowledge
cover,424,63.73,236,thing you put over something to close or hide it
paper,425,63.73,236,pages of a book are made from this
position,426,63.72,236,specific location where someone or something is
near,427,63.72,236,with a small distance between things
human,428,63.72,235,"a person; a man, woman or child"
computer,429,63.72,235,a machine for storing information and accessing the internet
situation,430,63.7,235,"condition, location or position"
staff,431,63.7,234,employees of a company
activity,432,63.68,234,"an action or task (e.g., sports, washing your clothes)"
film,433,63.66,232,movie
morning,434,63.65,232,early part of the day before 12 noon
war,435,63.63,231,situation where armies fight each other
account,436,63.63,231,arrangement with a bank to keep your money for you
shop,437,63.62,230,place which sells things
major,438,63.59,229,"important, serious, or large in scope"
someone,439,63.58,228,person who is not known or named
above,440,63.58,228,in a higher place than something else
design,441,63.58,228,to plan in a particular way to fulfill a purpose
event,442,63.57,228,something that happens
special,443,63.57,228,different from what is usual; better or greater than normal
sometimes,444,63.57,227,only at certain times; occasionally
condition,445,63.54,226,"state of living you are in (e.g., good health)"
carry,446,63.54,226,to hold something and move it to another place
choose,447,63.53,225,to select; decide between several possibilities
father,448,63.51,225,a male parent
decision,449,63.51,224,a choice you make about something after thinking about it
table,450,63.5,224,raised flat surface
certain,451,63.49,223,being sure about something; without doubt
forward,452,63.48,223,toward what is ahead or in front
main,453,63.48,223,most important; most often used
die,454,63.47,222,to stop living
bear,455,63.45,222,large brown animal with fur that lives in forests
cut,456,63.45,221,to use a knife or scissors to divide or open the surface
describe,457,63.43,220,"to tell someone the appearance, sound or smell of something"
himself,458,63.42,220,the same (male) person who did the action
available,459,63.42,220,present and able to be used
especially,460,63.42,220,more than usual; extremely
strong,461,63.38,218,having big muscles; physically powerful
rise,462,63.38,218,to move from a lower position to a higher one
girl,463,63.37,217,a female child
maybe,464,63.37,217,possibly but not certainly; perhaps
community,465,63.37,217,group of people who share a common idea or area
else,466,63.34,216,otherwise; if you fail to...
particular,467,63.33,215,one specific (one)
role,468,63.33,215,character played by an actor
join,469,63.33,215,"to bring something close to another, to become one"
difficult,470,63.32,215,hard; not easy; you need to work hard to do it
please,471,63.28,213,you say this when you politely ask people for things
detail,472,63.28,213,small part of something; tiny fact
difference,473,63.27,212,not of the same kind; unlike other things
action,474,63.21,210,something that a person or thing does
health,475,63.21,209,being in a good condition; being well
eat,476,63.19,209,to put food in your mouth
step,477,63.18,208,flat horizontal piece that forms stairs
TRUE,478,63.17,208,agreeing with the facts; not false; real or actual
phone,479,63.16,207,to talk to someone using a telephone
themselves,480,63.16,207,reflexive form of they
draw,481,63.15,207,to create an image using pen or pencil and paper
white,482,63.14,206,lightest color; the color of fresh snow and milk
date,483,63.13,205,a day in the calendar such as January 3rd
practice,484,63.12,205,to do something many times to improve a skill
model,485,63.12,205,a copy that represents an object or standard
raise,486,63.11,205,"to increase a quantity, size, intensity or price"
customer,487,63.11,205,someone who buys goods or services from a business
front,488,63.07,203,opposite of back; the forward part of an object
explain,489,63.06,202,to make clear or easy to understand by describing
door,490,63.05,202,you walk through this when you go in a room
outside,491,63.02,200,"area around or near something, such as a building"
behind,492,63.01,200,in or toward the back
economic,493,62.99,199,"having to do with trade, industry, and money"
site,494,62.98,199,"present, former, or future location of something, such as a building"
approach,495,62.98,199,to get close to reaching something or somewhere
teacher,496,62.98,199,"person who teaches others, especially in a school"
land,497,62.94,197,the earth; the ground
charge,498,62.94,197,to ask for money as a price for a service or goods
finally,499,62.93,197,after a long time or some difficulty
sign,500,62.93,197,"something such as a mark or event that shows that something exists, is true, is happening or will happen"
claim,501,62.93,196,to say something is true when others may not agree
relationship,502,62.93,196,"manner in which people, groups or countries behave toward one another"
travel,503,62.91,195,to go to a place that is far away
enjoy,504,62.89,195,to take pleasure in something
death,505,62.89,194,when someone dies; the end of life
nice,506,62.86,193,good or enjoyable
amount,507,62.86,193,quantity of something
improve,508,62.83,192,"to make, or become, something better"
picture,509,62.83,192,"painting, drawing or photograph on paper or screen"
boy,510,62.83,192,a young male person
regard,511,62.82,191,to pay attention to someone or something
organization,512,62.82,191,formal group of people with a particular purpose
happy,513,62.81,191,feeling pleasure or joy; glad
couple,514,62.81,191,two of something; two people; a pair
act,515,62.8,190,to behave in a certain way
range,516,62.79,190,limits within which something extends or varies
quality,517,62.78,190,high level of worth or excellence
project,518,62.78,190,a planned piece of work for specific purpose
round,519,62.77,189,being in the shape of a circle or ball
opportunity,520,62.76,189,time/situation when a thing might be done; chance
road,521,62.76,189,long piece of hard land for cars to travel on
accord,522,62.74,188,agreement or harmony
list,523,62.73,187,"series of written names, words or numbers"
wish,524,62.73,187,to want something to happen or to become true
therefore,525,62.72,187,for that reason
wear,526,62.71,187,"to have clothes, glasses, shoes, etc., on your body"
fund,527,62.71,187,to supply money for something
rest,528,62.71,186,"time when one relaxes, sleeps, or is inactive"
kid,529,62.7,186,informal child or young person
industry,530,62.68,185,factories or businesses that make certain products
education,531,62.67,185,process of giving or receiving teaching
measure,532,62.67,185,"to calculate size, weight or temperature of"
kill,533,62.65,184,to end the life of a person or other living thing
serve,534,62.64,184,to give or provide something to another person
likely,535,62.62,183,referring to the chance that something will actually happen
certainly,536,62.59,182,definitely true or is sure to happen
national,537,62.58,181,concerning a nation as a whole
itself,538,62.57,181,referring to it
teach,539,62.57,181,to help someone learn or do something
field,540,62.57,181,"open area of land, especially without buildings"
security,541,62.54,180,"things done to protect people, buildings, a country, etc., from harm"
air,542,62.53,179,mixture of gases around the earth that we breathe
benefit,543,62.53,179,"good result or effect, something advantageous"
trade,544,62.52,179,"to buy, sell and exchange goods in business"
risk,545,62.52,179,to take the chance that you may do something dangerous
news,546,62.51,178,information about recent events
standard,547,62.5,178,accepted level of quality; an official measurement
vote,548,62.49,177,"to make a choice for or against, as in an election"
percent,549,62.49,177,one one-hundredth of a whole
focus,550,62.48,177,main purpose or center of interest or activity
stage,551,62.47,177,place where actors or musician perform for others
space,552,62.46,176,empty area with nothing in it
instead,553,62.46,176,when one thing is replaced by another
realize,554,62.46,176,to become aware of or understand mentally
usually,555,62.44,175,normally; regularly
data,556,62.42,174,facts or information used to calculate or analyze
single,557,62.41,174,"only, merely"
address,558,62.37,173,exact street location of a place
performance,559,62.36,172,activity done to entertain an audience
chance,560,62.36,172,possibility that something will happen
accept,561,62.36,172,to agree to receive or take something offered
society,562,62.35,172,community of people living together
technology,563,62.35,172,"use or knowledge of science in industry, engineering, etc."
mention,564,62.35,172,to refer to or talk or write about something
choice,565,62.33,171,decision between two or more possibilities
save,566,62.33,171,to rescue someone or something from a bad situation
common,567,62.32,170,"typical, normal; not unusual"
culture,568,62.29,170,beliefs and customs of a particular group
total,569,62.28,169,whole number or amount of something
demand,570,62.27,169,to strongly request someone to do something; insist
material,571,62.26,168,substance from which a thing is made of
limit,572,62.25,168,point beyond which it is not possible to go
listen,573,62.25,168,to use your ears to hear and understand things
due,574,62.23,167,when something is required or expected
wrong,575,62.23,167,"not right, incorrect; not true; bad"
foot,576,62.22,167,lowest part of the leg we use to stand on
effort,577,62.22,167,amount of work used trying to do something
attention,578,62.21,166,focus of your thoughts on something
upon,579,62.21,166,more formal term for on
check,580,62.2,166,to confirm the details of something are correct
complete,581,62.2,166,to finish or reach the end of doing something
lie,582,62.19,166,to say something that you know is not true
pick,583,62.19,166,to decide on a thing from various choices; select
reduce,584,62.19,165,to make something smaller or use less of it
personal,585,62.19,165,done by or to a particular person; individual
ground,586,62.18,165,solid surface of the earth that we stand on
animal,587,62.17,165,a living creature that is not a plant or person
arrive,588,62.17,165,to reach the place you are travelling to
patient,589,62.17,165,not getting annoyed when things take a long time
current,590,62.15,164,happening or being in the present time
century,591,62.14,163,period of 100 years
evidence,592,62.13,163,factual proof that helps to establish the truth
exist,593,62.13,163,"to be present, alive or real"
similar,594,62.12,163,nearly the same
fight,595,62.12,163,act of trying to hurt someone by hitting them
leader,596,62.12,163,person who is in charge of a group or task
fine,597,62.11,162,"good, acceptable or satisfactory"
street,598,62.11,162,road in a city with buildings and places to walk
former,599,62.1,162,"being something previously, but not now"
contact,600,62.09,162,to get in touch with someone
particularly,601,62.09,162,specially; more than others
wife,602,62.06,161,married woman
sport,603,62.06,161,game or physical exercise with rules
prepare,604,62.04,160,to make something ready for use
discuss,605,62.03,160,to talk about something seriously or in great detail
response,606,62.03,159,something said or written as an answer to something
voice,607,62.02,159,sound made when you speak or sing
piece,608,62.01,159,small part that of something larger
finish,609,62,158,end of something; completion
suppose,610,61.97,157,to imagine or guess what might happen
apply,611,61.97,157,"to ask formally for (a job, building permission, etc.)"
president,612,61.97,157,"person in charge of a country, company, or organization"
fire,613,61.96,157,heat and the flame produced when burning
compare,614,61.95,157,to consider how similar and different things are
court,615,61.94,156,"large, flat area, to play tennis or basketball"
police,616,61.93,156,"people, often in uniforms, who solve crimes"
store,617,61.92,156,place where you can go to buy things
poor,618,61.92,156,without money; not rich
knowledge,619,61.91,155,"information, understanding, or skill"
laugh,620,61.91,155,to make a happy sound when something is funny
arm,621,61.9,155,part of your body from your shoulder to your hand
heart,622,61.9,155,part of the body that pumps blood
source,623,61.9,155,produces or provides what is wanted or needed
employee,624,61.89,154,person who works for someone else for payment
manage,625,61.87,154,to run or operate a business by directing others
simply,626,61.86,153,in an easy or clear manner
bank,627,61.85,153,a financial institution that keeps or lends money
firm,628,61.84,153,"fairly hard or solid, not soft"
cell,629,61.84,153,short for 'cellphone'
article,630,61.81,152,piece of writing about a particular subject
fast,631,61.8,151,moving or able to move quickly
attack,632,61.79,151,"to try to destroy, beat, or injure"
foreign,633,61.79,151,being of a different place or country
surprise,634,61.78,151,to do something that another person didn't expect
feature,635,61.77,150,distinctive or important point of something
factor,636,61.77,150,something that influences a result
pretty,637,61.76,150,being attractive to the eye in a simple way
recently,638,61.76,150,just a while ago; not long ago
affect,639,61.76,150,to do something that changes something else
drop,640,61.75,150,to let something fall from your hand
recent,641,61.74,149,happening or beginning not long ago
relate,642,61.74,149,to understand or sympathize with someone or something
official,643,61.73,149,of or done by someone in authority; formal
financial,644,61.73,149,involving money
miss,645,61.72,149,"to be too late to ride on something (e.g., train or bus)"
art,646,61.72,149,"a creative skill using the imagination (e.g., painting)"
campaign,647,61.71,148,to work in an organized and active way toward a goal
private,648,61.71,148,personal; not to be seen by everyone
pause,649,61.7,148,to stop doing for a while before continuing
everyone,650,61.69,148,every person; everybody
forget,651,61.68,147,to not remember something
page,652,61.68,147,one side of a sheet of paper
worry,653,61.68,147,to feel concerned or troubled about something
summer,654,61.67,147,part of the year when the weather is hot
drink,655,61.66,147,to put water in your body through your mouth
opinion,656,61.66,147,a person's thoughts on a topic
park,657,61.65,146,to put your car or bike in a certain place for a time
represent,658,61.64,146,to stand in the place or to act the part of
key,659,61.64,146,something you use to open a lock or start a car
inside,660,61.62,145,being in something
manager,661,61.6,145,person who controls and runs a business or group
international,662,61.59,144,"done or relating to several countries, not just your own"
contain,663,61.58,144,to hold something inside something else
notice,664,61.56,143,"to become aware by sight, touch, or hearing"
wonder,665,61.56,143,surprise caused by experiencing something amazing
nature,666,61.55,143,"physical world, including plants, animals, rocks"
structure,667,61.55,143,"way something is built, arranged, or organized"
section,668,61.54,142,one of the parts that form something
myself,669,61.53,142,same person as did the action mentioned
exactly,670,61.52,142,no more and no less than; precisely
plant,671,61.52,142,living thing with leaves and roots growing in soil
paint,672,61.51,142,to apply something; coat
worker,673,61.5,141,person who works
press,674,61.5,141,to push something against something else
whatever,675,61.5,141,anything or everything needed; no matter what
necessary,676,61.5,141,needed or required; unavoidable
region,677,61.48,141,"part of a country, of the world, area, etc."
growth,678,61.46,140,act of growing
evening,679,61.46,140,last part of the day and early part of the night
influence,680,61.46,140,to affect what happens; change something (indirectly)
respect,681,61.46,140,to think very highly of another person because of what they do
various,682,61.46,140,several; consisting of different things or types
catch,683,61.45,140,use your hands to stop and hold something flying
thus,684,61.43,139,therefore; so; as a result
skill,685,61.43,139,ability to do something well
attempt,686,61.42,139,to try to do something challenging or difficult
son,687,61.42,139,male child; friendly way of addressing a boy
simple,688,61.41,138,not hard to understand or do; not complex
medium,689,61.41,138,"middle size, something between other things"
average,690,61.41,138,typical or normal; usual; ordinary
stock,691,61.4,138,piece of a business bought in the form of shares
management,692,61.39,138,people who are in control of a business or group
character,693,61.38,138,your personality or nature
bed,694,61.38,137,a piece of furniture that people sleep on
hit,695,61.38,137,"to fight, attack or damage something or someone"
establish,696,61.37,137,to set or create something to last for a long time
indeed,697,61.36,137,actually; in fact; in reality
final,698,61.36,137,being the last thing in a series
economy,699,61.35,137,"total of all the goods, services, and wages in an area"
fit,700,61.35,137,proper or acceptable; morally or socially correct
guy,701,61.33,136,informal man; boy; any person
function,702,61.32,135,what something is intended to be used for; purpose
yesterday,703,61.32,135,day before today
image,704,61.31,135,"picture, sculpture, or painting of something"
size,705,61.3,135,how big or small a thing is
behavior,706,61.3,135,way a person or thing acts; manner
addition,707,61.3,135,fact of adding something; thing that is added
determine,708,61.29,134,to control exactly how something will be or act
station,709,61.28,134,place where you can catch a train or a bus
population,710,61.28,134,"number of people who live in a country, area, etc."
fail,711,61.27,134,"to not achieve a goal, or to go wrong"
environment,712,61.27,134,natural world in which plants and animals live
production,713,61.25,133,process of making something on a large scale
contract,714,61.24,133,"legal agreement (e.g., for doing work for money)"
player,715,61.22,132,person who plays sports
comment,716,61.22,132,something you say; give an opinion; remark
enter,717,61.21,132,to go into a room
occur,718,61.2,132,to come to pass or to happen
alone,719,61.2,132,without anyone or anything else
significant,720,61.18,131,large enough to be noticed or have an effect; important
drug,721,61.18,131,chemical used as a medicine
wall,722,61.17,131,"high, flat side of a room or building"
series,723,61.17,131,number of things that happen one after another
direct,724,61.16,131,to tell someone to do something in a straight-talking way
success,725,61.15,130,achievement of a desired purpose or goal
tomorrow,726,61.14,130,day after today
director,727,61.13,130,senior person who manages part of an organization
clearly,728,61.13,130,in a way that is easy to understand; obviously
lack,729,61.12,129,"to not have, or not have enough, of something"
review,730,61.12,129,to carefully look at the quality of something
depend,731,61.1,129,"to need (someone or something) for support, help, etc."
race,732,61.1,129,"contest between people, animals, or vehicles, to determine which is the fastest"
recognize,733,61.1,129,to remember because you have met it before
window,734,61.1,129,opening in a wall or door to let in light
purpose,735,61.09,128,reason for which something is done; aim; goal
department,736,61.09,128,division of a larger part or organization
gain,737,61.08,128,"to get something wanted, needed, or valued"
tree,738,61.08,128,tall green plants in a forest
college,739,61.07,128,school or educational institution for adults
argue,740,61.07,128,to give reasons for or against an idea or point of view
board,741,61.06,128,surface for posting or showing information
holiday,742,61.05,127,day when people don't go to work or school
mark,743,61.05,127,to make or leave a visible sign on something; a writing symbol
church,744,61.02,127,building where religious people gather and pray
machine,745,61.02,126,piece of equipment used to do work
achieve,746,61.02,126,"to succeed in doing something good, usually by working hard"
item,747,61.02,126,"distinct, individual thing, often part of a group"
prove,748,61.02,126,to demonstrate truth by providing evidence
cent,749,61.02,126,"100th of the basic unit of money (e.g., there are 100 of these in a dollar)"
season,750,61.01,126,one of the four parts of the year determined mainly by the weather during that time
floor,751,61.01,126,part of a room on which you stand
stuff,752,61.01,126,"generic description for things, materials, objects"
wide,753,61.01,126,having a great distance from one side to the other
anyone,754,61.01,126,any person
method,755,61.01,126,organized and planned way of doing something
analysis,756,61,126,careful study to better understand something
election,757,60.99,126,process of choosing someone by voting
military,758,60.99,126,concerning soldiers or the armed forces
hotel,759,60.99,126,place where people can stay when traveling
club,760,60.99,126,"group of people who share an interest, as in sport"
below,761,60.99,126,"in a lower position, place, or level"
movie,762,60.99,126,motion picture; film
doctor,763,60.98,125,a professional who is trained and licensed to treat sick or injured people; a person who has the highest degree given by a university
discussion,764,60.98,125,any long communication about some particular topic
sorry,765,60.98,125,what you say to admit you were wrong
challenge,766,60.98,125,an activity you wish to try that may be hard to do
nation,767,60.96,125,area or region controlled by a government and army
nearly,768,60.96,125,not completely; almost
statement,769,60.95,125,act or process of saying something formally
link,770,60.95,124,to join or connect together
despite,771,60.94,124,without being affected by something; in spite of
introduce,772,60.94,124,to make someone known to another by name
advantage,773,60.94,124,thing making the chance of success higher
ready,774,60.94,124,prepared to do something
marry,775,60.93,124,to become the husband or wife of someone
strike,776,60.93,124,to hit something
mile,777,60.92,124,unit of distance; 1.6 kilometers
seek,778,60.92,123,to search for; to try to find; look for
ability,779,60.9,123,"power, money, knowledge, or skill to do something"
unit,780,60.9,123,single thing or person; a part of something larger
card,781,60.89,123,small piece of paper or plastic used as i.d.
hospital,782,60.88,123,"building for sick people, with doctors and nurses"
quickly,783,60.86,122,without taking a lot of time; fast
interview,784,60.86,122,to formally ask questions about a given topic
agreement,785,60.85,122,when you share the same opinion or reach a decision
release,786,60.85,122,"to allow to leave jail, cage, prison, etc."
tax,787,60.85,122,money taken by a government from its people
solution,788,60.85,122,something that ends a problem
capital,789,60.83,121,"main, or major"
popular,790,60.82,121,liked or enjoyed by many people
specific,791,60.82,121,special or particular; clearly presented or stated
beautiful,792,60.82,121,having very attractive or appealing physical qualities
fear,793,60.81,121,unpleasant feelings caused by being aware of danger
aim,794,60.81,121,act of pointing something at a target
television,795,60.81,120,"device that broadcasts programs, movies, or show"
serious,796,60.81,120,needing thought or concentration; important; in a sober manner
target,797,60.8,120,a goal or amount you are trying to achieve
degree,798,60.78,120,unit for measuring temperature or angles
pull,799,60.77,120,to hold something and move it toward you
red,800,60.77,119,being the color of blood
husband,801,60.77,119,married man
access,802,60.77,119,an entrance to a place; a way in
movement,803,60.75,119,part of a piece of music
treat,804,60.74,119,to act in a certain way toward someone
identify,805,60.73,118,to indicate who or what someone or something is
loss,806,60.72,118,experience or state of failing to have or keep
shall,807,60.72,118,"expressing the future tense, to expect to happen"
modern,808,60.7,117,of the present time; up to date; contemporary
pressure,809,60.7,117,force/weight when pressing against a thing
bus,810,60.69,117,a large road vehicle used for carrying many people
treatment,811,60.69,117,way someone acts toward another
conference,812,60.68,117,an event where people exchange ideas
yourself,813,60.67,117,"reflexive form of 'you', used for an emphasis"
supply,814,60.66,116,to give or sell goods to others for their use
village,815,60.65,116,small town in the country
worth,816,60.64,116,how much something is worth; the value of something
natural,817,60.64,116,not made by humans; without human intervention
express,818,60.64,116,to state or show what you think or how you feel
indicate,819,60.64,116,"to show something, direct attention to, or point out"
attend,820,60.63,116,to be present at an event
brother,821,60.63,116,a boy or man who shares a parent with you
investment,822,60.63,116,something purchased hoping its value will increase
score,823,60.62,115,to get points in a sport such as kicking a ball into a goal
organize,824,60.62,115,"to arrange and plan things (e.g., a party)"
trip,825,60.62,115,journey or visit to a place
beyond,826,60.62,115,on or to the farther side; in addition to
sleep,827,60.61,115,"to rest your body in bed, as at night time"
fish,828,60.6,115,animal that swims and lives in the sea
promise,829,60.6,115,to say you will certainly do something
potential,830,60.59,115,capable of happening or becoming reality
energy,831,60.59,115,physical or mental strength
trouble,832,60.59,115,state of difficulty or stress
relation,833,60.58,114,"manner in which people, groups, or countries behave toward one another"
touch,834,60.56,114,"to feel an object with your fingers, etc."
file,835,60.56,114,"to submit documents to an authority (e.g., city hall)"
middle,836,60.56,114,place that is halfway between two things
bar,837,60.55,114,"to prevent entry, exit, or an action"
suffer,838,60.55,113,"to experience pain, illness, or injury"
strategy,839,60.55,113,careful plan or method for achieving a goal
deep,840,60.54,113,going far down from the surface
except,841,60.54,113,not including; other than
clean,842,60.54,113,being free from dirt or marks because it was washed
tend,843,60.54,113,to regularly behave in a certain way
advance,844,60.54,113,to move forward in a certain direction
fill,845,60.53,113,to make something full
star,846,60.52,113,a bright planet of gas in the night sky
network,847,60.5,112,system of connections
generally,848,60.5,112,"usually; as a rule; by, to, or for most people"
operation,849,60.49,112,functioning; use
match,850,60.47,111,a sports competition between two people or teams
avoid,851,60.47,111,"to prevent from happening, or stay away from"
seat,852,60.45,111,something on which a person can sit
throw,853,60.45,111,to use your arm to make a thing fly through the air
task,854,60.44,111,big or small piece of work someone has to do
normal,855,60.43,110,standard or regular way of doing something
goal,856,60.42,110,something you try to do or achieve; an aim
associate,857,60.42,110,"partner in professional work (e.g., in law)"
blue,858,60.41,110,color of the clear sky
positive,859,60.4,110,"good or useful in qualities, constructive, confident"
option,860,60.4,110,possibility out of several that can be chosen; choice
box,861,60.39,109,a container with (usually) four straight sides and a lid
huge,862,60.39,109,very very large
message,863,60.39,109,piece of information that is told/given to someone
instance,864,60.38,109,an example of something; case
style,865,60.38,109,the particular way something is done or made
refer,866,60.37,109,to talk about or write about something
cold,867,60.36,109,having a very low temperature
push,868,60.36,109,to force something away from you
quarter,869,60.36,109,one of four equal parts of something
assume,870,60.34,108,"to believe, based on the evidence; suppose"
baby,871,60.33,108,"very young child, who cannot yet speak"
successful,872,60.32,108,having the desired effect or result
sing,873,60.32,108,to make musical sounds with your voice
doubt,874,60.32,108,not being sure of something; lack of certainty
competition,875,60.32,108,fighting against others when trying to win something
theory,876,60.31,108,idea or set of ideas that try to explain facts or events
propose,877,60.31,107,to offer or put forward an idea for consideration
reference,878,60.3,107,to cite a piece of research in speech or in writing
argument,879,60.3,107,a discussion in which you disagree with another's opinion
adult,880,60.3,107,person or animal that is fully grown
fly,881,60.3,107,to travel through the air using wings
document,882,60.29,107,official (printed) record that gives information
pattern,883,60.29,107,regular repeated behavior
application,884,60.28,107,"formal request for a job, building permission, etc."
hot,885,60.28,107,having a high temperature
obviously,886,60.28,107,in a way that is obvious/easy to see or understand
unclear,887,60.27,106,not easy to understand; not obvious
bill,888,60.27,106,piece of paper showing what you have to pay
search,889,60.26,106,to carefully look for something
separate,890,60.26,106,"to divide into parts, or to make something divide into parts"
central,891,60.26,106,being in the middle
career,892,60.25,106,particular occupation in professional life
anyway,893,60.25,106,a word people use to change the topic of a conversation
speech,894,60.24,106,expression of ideas or opinions
dog,895,60.24,106,small 4-legged animal that barks kept as a pet
officer,896,60.24,106,person with an important position in an organization
throughout,897,60.24,106,"over or across an entire thing or place, or in every part of something"
oil,898,60.22,105,"thick, black liquid in the ground used as fuel"
dress,899,60.21,105,women's garment with a top part and a skirt
profit,900,60.21,105,to earn money from something
guess,901,60.2,105,to give an answer without knowing if it is correct
fun,902,60.2,105,amusing and enjoyable
protect,903,60.2,105,to defend someone or something from harm or danger
resource,904,60.19,105,essential supply of something
science,905,60.19,104,knowledge of the physical world based on facts
disease,906,60.19,104,"illness that affects a person, animal, or plant"
balance,907,60.18,104,to make two or more things equal
damage,908,60.18,104,physical harm that is done to something
basis,909,60.18,104,"starting situation, fact, idea to develop from"
author,910,60.17,104,"person who writes books, plays, poems, etc."
basic,911,60.17,104,at the most important or easiest (beginner) level
encourage,912,60.16,104,to make someone more determined or confident
hair,913,60.15,104,long thin strands on your head or body
male,914,60.15,103,characteristic of boys or men
operate,915,60.14,103,to be working or being used
reflect,916,60.14,103,"to bounce back off a surface (e.g., light)"
exercise,917,60.13,103,to work out to become stronger and healthier
useful,918,60.12,103,that can help with a particular task
restaurant,919,60.12,103,"place where you can order, buy and eat a meal"
income,920,60.12,103,"earned money from work, investments, or business"
property,921,60.12,103,"things, buildings, or pieces of land owned by someone"
previous,922,60.12,103,existing or happening before the present time
dark,923,60.11,103,having little or no light; not light in color
imagine,924,60.11,102,to think creatively about; form a mental picture of
okay,925,60.1,102,yes; alright
earn,926,60.09,102,to get money for work
daughter,927,60.09,102,a female child of someone
post,928,60.08,102,to send a letter or package using the post office
newspaper,929,60.07,102,sheets of paper (or online) containing news stories
define,930,60.06,101,to explain the meaning of words
conclusion,931,60.05,101,judgment or opinion after thinking for a while
clock,932,60.05,101,a device that shows the time
everybody,933,60.05,101,every person; everyone
weekend,934,60.04,101,Saturday and Sunday
perform,935,60.04,101,to carry out an action well or successfully
professional,936,60.04,101,"about a job such as a doctor, lawyer, accountant, etc."
mine,937,60.04,101,that thing that belongs to me
debate,938,60.03,101,general public discussion of a topic
memory,939,60.03,101,something that has been remembered
green,940,60.03,101,color of young leaves
song,941,60.02,101,some music with words in verse
object,942,60,100,to disagree; to protest against an idea or plan
maintain,943,60,100,"to keep, exist or continue without changing"
credit,944,59.99,100,system to buy something and pay for it later
ring,945,59.99,100,"to produce a sound from a bell, alarm, or telephone; a piece of jewelry worn on a finger"
discover,946,59.97,99,to find something new that was not known before
dead,947,59.96,99,not alive
afternoon,948,59.96,99,time after 12:00 and before the evening meal
prefer,949,59.96,99,to like something better than something else
extend,950,59.95,99,"to straighten or stretch something out (e.g., your leg)"
possibility,951,59.95,99,something with a chance of happening or being true
direction,952,59.94,99,"describes the way you are going (e.g., north)"
facility,953,59.94,99,piece of equipment or buildings with a special use
variety,954,59.92,98,particular types of things or persons
daily,955,59.91,98,happening every day
clothes,956,59.91,98,"things you wear on your body (e.g., shirt, dress, tie)"
screen,957,59.9,98,"flat surface on a computer, or tv that shows images"
track,958,59.89,98,to follow behind someone to see what they are doing
dance,959,59.89,97,to move your body rhythmically to music
completely,960,59.89,97,in every way or as much as possible
female,961,59.88,97,person of the sex that gives birth to babies
responsibility,962,59.88,97,state of being dependable or reliable
original,963,59.84,96,"being first made, thought, or performed; fresh"
sister,964,59.84,96,female you share a parent with
rock,965,59.84,96,"big stone; hard, solid substance forming mountains"
dream,966,59.84,96,"images, thoughts, and feelings that are experienced during sleep"
nor,967,59.82,96,used to show two things that are both untrue or do not happen
university,968,59.82,96,high-level educational institution; college
easily,969,59.81,96,without difficulty
agency,970,59.81,96,business that provides some service for others
dollar,971,59.8,96,a basic unit of money equal to 100 cent
garden,972,59.79,95,yard; ground outside your house to grow plants
fix,973,59.79,95,to make something whole or able to work again
ahead,974,59.78,95,in or toward the front
cross,975,59.78,95,to meet at one point
yeah,976,59.77,95,yes (informal)
candidate,977,59.74,94,a person being considered for a job or position in office
weight,978,59.74,94,how heavy something is
legal,979,59.72,94,concerning the law; allowed by law
proposal,980,59.71,94,offer or plan to people who can decide about it
version,981,59.71,94,particular form of something and other forms
conversation,982,59.71,93,when you talk with other people; discussion or chat
somebody,983,59.7,93,person who is not known or named
pound,984,59.69,93,unit of weight equal to 16 ounces or 0.4536 kg
magazine,985,59.69,93,weekly or monthly publication with pictures and stories
shape,986,59.69,93,"outer form of something, what it looks like"
sea,987,59.68,93,place with a large amount of salt water
immediately,988,59.67,93,without any delay; straight away; right (after or before)
welcome,989,59.67,93,friendly greeting to someone who has arrived
smile,990,59.67,93,to show happiness by pulling up the corners of your mouth
communication,991,59.67,93,talking to people; giving information to people
agent,992,59.65,92,person who can represent and decide for others
traditional,993,59.65,92,involved in a tradition
replace,994,59.64,92,to use instead of something else
judge,995,59.64,92,to form an opinion after careful consideration
herself,996,59.63,92,female person that did the original action
suddenly,997,59.63,92,in an unexpected or very quick manner
generation,998,59.63,92,people born and living at about the same time
estimate,999,59.63,92,"guess or calculation of cost, size, or value"
favorite,1000,59.62,92,most liked; best loved
difficulty,1001,59.62,92,something that is hard to do
purchase,1002,59.61,91,to buy something; to get by paying money for it
shoot,1003,59.6,91,to kick or throw a ball at a goal
announce,1004,59.6,91,"to make a public statement about a plan, decision"
unless,1005,59.6,91,negative of 'if'
independent,1006,59.59,91,making your own decisions; not controlled by others
recommend,1007,59.58,91,to say something is good and deserves to be chosen
survey,1008,59.58,91,to ask people a question about a particular topic
majority,1009,59.58,91,amount that is more than half of a group
stick,1010,59.57,91,long thin piece of wood from a tree
request,1011,59.56,90,to ask for something
rich,1012,59.54,90,"having a lot of money, possessions, or resources"
wind,1013,59.54,90,natural movement of outside air as part of the weather
none,1014,59.53,90,not one of a group; not at all or in no way
exchange,1015,59.52,90,to give things of similar value to each other
budget,1016,59.51,89,amount of money planned to be spent on something
famous,1017,59.51,89,widely known; recognized by many people
blood,1018,59.51,89,red liquid in the bodies of people and animals
appropriate,1019,59.51,89,right or suitable for some situation or purpose
block,1020,59.51,89,to stop from going forward or making progress
warm,1021,59.5,89,slightly hot; not very hot
count,1022,59.5,89,to add things together to find the total number
scene,1023,59.5,89,part of an act in a play
writer,1024,59.49,89,"professional who writes books, articles, etc."
content,1025,59.49,89,"information in something (e.g., a book or computer program)"
prevent,1026,59.48,89,to stop something from happening or existing
safe,1027,59.47,89,being out of danger
invite,1028,59.47,88,to ask someone to go somewhere or do something
mix,1029,59.46,88,to combine two or more things to make one
element,1030,59.45,88,essential or particular part of something
effective,1031,59.45,88,working efficiently to produce a desired result
correct,1032,59.45,88,true or accurate
medical,1033,59.43,88,of or relating to physical health or medicine
admit,1034,59.42,88,"to agree that you did something bad, or that something bad is true"
beat,1035,59.42,87,to win against another person or team; defeat
telephone,1036,59.42,87,machine used to talk to someone who is far away
copy,1037,59.41,87,to make something that looks the same as the original
committee,1038,59.4,87,group of people who do or decide something
aware,1039,59.4,87,knowing or feeling that something exists
advice,1040,59.4,87,suggestion about what someone should do
handle,1041,59.39,87,to have the ability to cope with or take responsibility for
glass,1042,59.39,87,hard transparent material used for making windows
trial,1043,59.38,87,concerning or used in a trial
stress,1044,59.38,87,to be in a state of mental tension due to problems
radio,1045,59.37,86,system for sending and receiving signals through the air
administration,1046,59.36,86,"the work of running something (e.g., a business)"
complex,1047,59.36,86,"difficult, not easy to understand or explain"
text,1048,59.35,86,written part of a book or other work
context,1049,59.35,86,set of facts surrounding a person or event
ride,1050,59.34,86,to sit on and control a horse or vehicle
directly,1051,59.34,86,in a frank and honest way
heavy,1052,59.34,86,having a lot of weight
remove,1053,59.33,86,"to move, erase or take away from a place"
conduct,1054,59.33,86,"to direct, lead or guide something"
equipment,1055,59.33,86,tools or materials used to perform a task
otherwise,1056,59.33,86,"indicates that there will be a bad result if something is done, not done, or done improperly"
title,1057,59.32,86,name given to something to identify or describe it
extra,1058,59.31,85,more than necessary; additional
executive,1059,59.31,85,a senior manager in a business or organization
chair,1060,59.31,85,a piece of furniture you sit on when sitting at a table or desk
expensive,1061,59.31,85,costing a lot of money
sample,1062,59.3,85,"to try something to see if you like it (e.g., food)"
sex,1063,59.3,85,state of being male or female mostly biological
deliver,1064,59.29,85,to take something to a person or place
video,1065,59.29,85,recording capturing action with sound
connection,1066,59.29,85,something that joins things together; being joined
primary,1067,59.28,85,"most important, most basic or essential"
weather,1068,59.27,85,"whether it is raining, sunny, cold, etc., outside"
collect,1069,59.27,84,to gather things/people together in one place
inform,1070,59.25,84,to give information or facts about something
principle,1071,59.25,84,strong belief that influences a person's actions; basic law or belief
straight,1072,59.24,84,"not having curves, bends, or angles"
appeal,1073,59.24,84,to request a judge or others change a decision
highly,1074,59.24,84,more than usual; to a great degree
trust,1075,59.24,84,to be confident that someone is honest and reliable
wonderful,1076,59.23,84,producing feelings of enjoyment or delight
flat,1077,59.23,84,level; even; without curves or bumps
absolutely,1078,59.22,84,completely; totally; very
flow,1079,59.22,84,to move steadily and easily in a certain direction
fair,1080,59.22,84,treating all people the same way
additional,1081,59.21,83,further or added
responsible,1082,59.21,83,having the duty of dealing with something; being the cause or creator of something; behaving in a mature and reasonable manner
farm,1083,59.2,83,land used for growing crops or raising animals
collection,1084,59.2,83,group of similar things gathered as a hobby
hang,1085,59.19,83,"to attach a picture, photograph, etc., onto a wall"
negative,1086,59.18,83,"being harmful, unwanted, or unhelpful"
band,1087,59.18,83,"group of people who work together (e.g., play music)"
relative,1088,59.17,83,measured or considered in comparison to something else
tour,1089,59.17,83,a journey to visit several places for pleasure
alternative,1090,59.17,83,other choices
software,1091,59.17,83,market for software is expected to expand
pair,1092,59.16,82,"two of the same thing (e.g., socks)"
ship,1093,59.16,82,large boat
attitude,1094,59.14,82,"way you act, think, and feel about something"
cheap,1095,59.14,82,not costing a lot of money
double,1096,59.14,82,two times the amount or degree; twice
leg,1097,59.13,82,part of the body from the thigh down
observe,1098,59.13,82,to watch carefully; to make a comment
sentence,1099,59.13,82,set of spoken or written words that make a whole statement
print,1100,59.12,82,"to make many copies of a page, magazine, or book"
progress,1101,59.12,82,to move forward or toward a place or goal
truth,1102,59.11,82,real facts about something
nobody,1103,59.11,82,no person; no one; not any person
examine,1104,59.1,81,to look at someone or something very carefully in order to learn more
lay,1105,59.1,81,to put or set something down in a flat position
speed,1106,59.09,81,quality of being fast or quick
politics,1107,59.09,81,activities influencing the policies of a government
reply,1108,59.08,81,answer someone's question
display,1109,59.08,81,to put so they can be seen or be bought
transfer,1110,59.08,81,to move something from one place to another
perfect,1111,59.07,81,so good it/they cannot be improved
slightly,1112,59.07,81,concerning a small quantity or degree
overall,1113,59.07,81,"viewed as a whole; in general, not as details"
intend,1114,59.06,80,to plan or want to do something
user,1115,59.05,80,"person that uses a service or thing (e.g., a website)"
respond,1116,59.05,80,to say or write to answer the question
dinner,1117,59.04,80,"main meal of the day, usually in the evening in the us"
slow,1118,59.04,80,moving or happening without speed; not fast
regular,1119,59.04,80,occurring or being done frequently
physical,1120,59.04,80,concerning the body of a person
apart,1121,59.02,80,separated by an amount of time or space
suit,1122,59.01,80,to be appropriate for a given situation
federal,1123,59.01,80,system of government
reveal,1124,59.01,80,"to make known, to show or prove"
percentage,1125,59,79,part of a whole divided into hundredths
peace,1126,58.99,79,time when there is no war or fighting
status,1127,58.99,79,position or rank relative to others in a society
crime,1128,58.98,79,"act that is against the law; murder, theft, etc."
decline,1129,58.97,79,to not accept an invitation or offer; refuse
decade,1130,58.97,79,period of 10 years
launch,1131,58.97,79,to put a rocket into the air; put a ship into the water
warn,1132,58.96,79,to tell someone about possible danger
consumer,1133,58.96,79,person who uses goods or services; individual buyer
favor,1134,58.96,79,helpful act of kindness
dry,1135,58.95,78,without water; not wet
partner,1136,58.95,78,someone you have a business or personal relationship with
institution,1137,58.95,78,organization created for a particular cause or purpose
spot,1138,58.94,78,see someone by chance
horse,1139,58.94,78,large animal with 4 legs used for riding
eventually,1140,58.93,78,finally
heat,1141,58.93,78,to make hot or hotter
excite,1142,58.92,78,"to make someone feel happy, interested, or eager"
reader,1143,58.92,78,person who reads written or printed materials
importance,1144,58.91,78,being important; having a big effect on
distance,1145,58.9,78,amount of space between two places or things
guide,1146,58.9,78,to lead people visiting a new or unknown place
grant,1147,58.9,78,to give or let someone do what they want
taxi,1148,58.89,77,car that transports people for money
feed,1149,58.89,77,"to give food (e.g., to an animal or a baby)"
pain,1150,58.89,77,strong feeling of hurt or discomfort
sector,1151,58.87,77,area that includes certain kinds of job
mistake,1152,58.87,77,"something done wrong, calculated wrong.; error"
ensure,1153,58.86,77,"to make something sure, certain, or safe"
satisfy,1154,58.85,77,to be happy because you met your expectation
chief,1155,58.85,77,most important one
cool,1156,58.85,77,almost cold; not warm or hot
expert,1157,58.84,77,skillful person with special knowledge
wave,1158,58.84,77,to move your hand or arm to say hello or goodbye
south,1159,58.84,77,direction that is the opposite of north
labor,1160,58.83,76,to work hard (often physically) for many hours
surface,1161,58.83,76,of the top layer; superficial
library,1162,58.82,76,place where books and other media are kept
excellent,1163,58.81,76,extremely good
edge,1164,58.81,76,boundary of a surface
camp,1165,58.81,76,place where people live for a short time in tents
audience,1166,58.8,76,"group of people listening, watch a play, movie, etc."
lift,1167,58.8,76,to move something to higher position
procedure,1168,58.79,76,usual or standard way in which something is done
email,1169,58.79,76,
global,1170,58.79,76,"concerning, affecting, or involving the entire world"
struggle,1171,58.79,76,to try very hard to do something difficult
advertise,1172,58.77,75,"to show how good a product is, to make people buy"
select,1173,58.76,75,"to choose from a group, something most suitable"
surround,1174,58.75,75,to be on every side of something
extent,1175,58.74,75,range or space included in something
river,1176,58.73,75,flowing water that runs from mountains to the sea
annual,1177,58.73,75,"happening once a year, or every year"
fully,1178,58.73,75,completely or entirely
contrast,1179,58.72,75,"to compare; to show clear, obvious differences"
roll,1180,58.71,74,to move along a surface by turning many times
reality,1181,58.71,74,"what is true, as opposed to what is imagined"
photograph,1182,58.7,74,a picture made with a camera that shows how things look in real life
artist,1183,58.69,74,"a person who is skilled and creative in art, such as a painter"
conflict,1184,58.69,74,to have opposite ideas; to disagree; to not match
entire,1185,58.69,74,complete or full; with no part left out; whole
presence,1186,58.69,74,fact that someone or something is in a particular place
crowd,1187,58.69,74,large group of people together in one place
corner,1188,58.69,74,"place where two lines, sides, corners, etc., meet"
gas,1189,58.69,74,"elements in our air, like oxygen or nitrogen"
shift,1190,58.68,74,to change in position or direction
net,1191,58.68,74,material made of string tied together and used to catch fish or other small animals
category,1192,58.68,74,groups of things that are similar in some way
secretary,1193,58.68,74,an employee who does general office work for another person in the office
defense,1194,58.68,74,process of protecting something from attack
quick,1195,58.67,74,using very little time; moving far in little time
cook,1196,58.67,74,to heat food until it is ready to eat
spread,1197,58.66,73,to place something over or cover a large area
nuclear,1198,58.66,73,concerning or involving the center of an atom
scale,1199,58.66,73,a device that is used to weigh a person or thing
driver,1200,58.66,73,someone who operates a vehicle
ball,1201,58.65,73,small round object often used in a game or sport
cry,1202,58.64,73,to produce tears and sounds because of pain
introduction,1203,58.63,73,making someone known to another by name
requirement,1204,58.63,73,something that is a necessity
north,1205,58.62,73,direction to your left when facing the rising sun
confirm,1206,58.62,73,to provide evidence to establish the truth of
senior,1207,58.6,72,having higher status or authority than another person
photo,1208,58.59,72,short for photograph; a picture taken by a camera
refuse,1209,58.59,72,to say that you will not accept something
transport,1210,58.58,72,to carry things from one place to another
emerge,1211,58.58,72,to rise or appear out of some background
map,1212,58.58,72,picture showing the geography of an area
concept,1213,58.58,72,abstract idea of something or how it works
island,1214,58.57,72,area of land that is surrounded by water
reform,1215,58.57,72,to improve society by removing abuse and injustices
neither,1216,58.57,72,not one or the other; not either; none of two things
football,1217,58.56,72,sport where 2 teams try to kick a ball in a goal; soccer
survive,1218,58.56,72,to continue to live despite illness or trouble
flight,1219,58.55,72,act of flying
left,1220,58.55,72,side of your body your heart is on
solve,1221,58.54,72,to find a way to deal with a problem
neighbor,1222,58.54,72,"person who lives, or is near, you"
background,1223,58.54,71,"images, color, or information behind the main one"
technique,1224,58.54,71,way of doing by using special knowledge or skill
traffic,1225,58.54,71,amount of activity over a communication system
improvement,1226,58.53,71,addition or change that makes something better
tool,1227,58.52,71,"device used to make things (e.g., a hammer or driver)"
consequence,1228,58.52,71,outcome of an event; result
circumstance,1229,58.52,71,condition or fact that affects a situation
smoke,1230,58.52,71,to breathe in through a cigarette and then blow it out
reaction,1231,58.52,71,feeling or action in response to something
rain,1232,58.52,71,drops of water that fall out of clouds in the sky
busy,1233,58.51,71,working hard doing something; full of activity
lesson,1234,58.51,71,a time or event where teaching and learning occur; class
brain,1235,58.5,71,part of the head that thinks and controls your body
mass,1236,58.5,71,"a large amount of something, often of no particular shape"
funny,1237,58.49,71,causing laughter; amusing
contribute,1238,58.49,71,give something of value to or help someone or something
failure,1239,58.49,71,act or result of not achieving your goals
schedule,1240,58.48,71,to arrange a time to do something with others
speaker,1241,58.48,70,person who makes a speech before a group
bottom,1242,58.47,70,lowest part of something; part on which it rests
adopt,1243,58.47,70,to take on responsibility for something
combine,1244,58.47,70,to mix several things together to form one thing
mountain,1245,58.46,70,"very high piece of land, higher than a hill"
waste,1246,58.46,70,to use valuable things ineffectively
hide,1247,58.45,70,to put a thing where it can't be found; go where you won't be found
marriage,1248,58.45,70,formal relationship between a husband and a wife
ticket,1249,58.45,70,piece of paper that lets you enter or use something
meal,1250,58.45,70,"food for eating at a particular time (e.g., dinner)"
colleague,1251,58.45,70,someone who works with you; coworker
bag,1252,58.45,70,soft container to put things in and carry with you
repeat,1253,58.44,70,to say something again
equal,1254,58.43,70,"same in shape, size, or number"
expression,1255,58.43,70,act of making your thoughts and feelings known
plus,1256,58.43,70,having a value greater than zero
extremely,1257,58.43,70,in a way that is much more than usual or expected
owner,1258,58.42,70,person who owns or has something
plane,1259,58.42,69,an airplane
commercial,1260,58.41,69,radio or television advertisement
lady,1261,58.39,69,another way of saying 'woman'
duty,1262,58.38,69,work required by your job or position
strength,1263,58.37,69,being strong
connect,1264,58.36,69,to join or attach things together
cultural,1265,58.36,69,of a particular society's customs and beliefs
arrange,1266,58.35,68,to put things into a particular order; to plan and organize an event
scheme,1267,58.35,68,often dishonest plan to get or do something
payment,1268,58.34,68,amount of money that is paid for something
unfortunately,1269,58.34,68,in a way that is to be regretted; unluckily
brief,1270,58.34,68,short; using few words
bird,1271,58.33,68,animal with feathers that uses wings to fly
demonstrate,1272,58.33,68,"to show how something works (e.g., product)"
contribution,1273,58.33,68,"helping a cause by giving money, things, services"
appreciate,1274,58.32,68,to be thankful for; to value or admire
chapter,1275,58.32,68,one of the main sections of a book
secret,1276,58.32,68,something that you don't want others to know; private
apparently,1277,58.32,68,according to what you heard; from what can be seen
novel,1278,58.32,68,written fiction story
union,1279,58.31,68,organization of people or groups who have a similar interest or particular goal
burn,1280,58.31,68,to destroy with fire
trend,1281,58.31,68,"general direction of developing, proceeding"
initial,1282,58.31,68,existing or occurring at the beginning
pleasure,1283,58.3,68,"feeling of happiness, enjoyment, or satisfaction"
suggestion,1284,58.3,68,idea about what someone should do
critical,1285,58.29,67,being important or serious; vital; dangerous
gather,1286,58.29,67,to bring people/animals together into a group
mostly,1287,58.29,67,in large part; mainly or chiefly
earth,1288,58.29,67,planet we live on
pop,1289,58.28,67,to cause something to open or burst suddenly
essential,1290,58.27,67,extremely important and necessary
desire,1291,58.27,67,"to wish for, hope, or want something"
promote,1292,58.27,67,to try to encourage the popularity and sales of a product
currently,1293,58.27,67,happening or being in the present time
employ,1294,58.26,67,to pay a person to work for you; to give a job to
path,1295,58.26,67,track made with stones/by walking over the ground
topic,1296,58.26,67,matter people talk or write about
beach,1297,58.25,67,"large area of sand, next to an area of water"
attract,1298,58.25,67,to make someone notice and become interested in
engage,1299,58.25,67,"to carry out, participate in; be involved in"
powerful,1300,58.24,67,having control or influence over
flower,1301,58.24,67,"plant with a pretty head (e.g., a rose)"
crisis,1302,58.24,67,unstable situation of extreme danger or difficulty
settle,1303,58.23,67,to move to a new environment and become accustomed to it
boat,1304,58.23,66,small form of transport for traveling on water
aid,1305,58.23,66,to provide things useful or needed by others
fan,1306,58.23,66,thing you wave in front of your face to stay cool
kitchen,1307,58.23,66,place where food is cooked
twice,1308,58.22,66,two times
fresh,1309,58.22,66,newly made or gathered
delay,1310,58.22,66,to cause something to happen later than planned or expected
safety,1311,58.22,66,state of being free from harm or danger
engineer,1312,58.22,66,"professional who designs and builds machines, roads, and other complicated structures"
quiet,1313,58.21,66,not loud; making very little sound
insurance,1314,58.21,66,payments to cover potential loss/damage/injury/death
nurse,1315,58.21,66,person trained to care for sick or injured people
divide,1316,58.2,66,to separate something into equal pieces
length,1317,58.2,66,measurement of distance or of time
investigation,1318,58.19,66,search for information about something
package,1319,58.19,66,box or container in which items are placed for mailing
somewhere,1320,58.19,66,at or to an unknown or unnamed place
expand,1321,58.18,66,to become bigger or larger in size and amount
commit,1322,58.18,66,"to do something bad, usually a crime"
obvious,1323,58.18,66,easily understood and clear; plain to see
jump,1324,58.16,65,to push your body into the air with your legs
weapon,1325,58.16,65,something that is used for fighting
relatively,1326,58.15,65,in a manner that measures or compares something to something else
host,1327,58.15,65,person who entertains guests
winter,1328,58.15,65,coldest season of the year
district,1329,58.15,65,"area of a country, city, or town"
broad,1330,58.14,65,wide; from the shorter two sides to the other
tire,1331,58.12,65,lose energy and feel that you need to rest
spring,1332,58.11,65,time of year when plants start growing after winter
spirit,1333,58.09,64,part of a person that is not physical and believed to be the source of human emotions and character
lunch,1334,58.09,64,light meal eaten in the middle of the day
actual,1335,58.08,64,"real or existing in fact, not imagined; real"
pool,1336,58.08,64,large container or hole that is filled with water and used for people to swim in
battle,1337,58.08,64,military fight between armies
tradition,1338,58.08,64,"way of thinking, and behaving that was used for a long time"
cash,1339,58.07,64,physical money (not credit card or digital)
hardly,1340,58.06,64,clearly or undoubtedly not; very little
award,1341,58.06,64,to give a prize for doing something well
coach,1342,58.06,64,"person who teaches others how to do (sport, job)"
experiment,1343,58.06,64,test performed to assess new ideas or theories
consideration,1344,58.06,64,careful thought; thinking about something
strange,1345,58.06,64,unusual or odd; surprising because unexpected
code,1346,58.06,64,a password made of a set of letters or numbers
possibly,1347,58.04,64,"may be true or likely, but is uncertain"
threat,1348,58.04,64,warning of probable trouble
accident,1349,58.04,64,"sudden unplanned event causing damage, injury, etc."
impossible,1350,58.04,64,very unlikely to happen or exist
revenue,1351,58.04,64,money that is made by or paid to a business
enable,1352,58.04,64,to make it possible to do something
afraid,1353,58.03,63,worried that something bad will happen; scared
active,1354,58.03,63,moving around a lot or doing many things
conclude,1355,58.02,63,to stop or finish; to come to the end of something
religious,1356,58.01,63,concerning religion or faith
cancer,1357,58.01,63,any growth caused by abnormal cell division
convince,1358,58.01,63,"to persuade someone, or make them feel sure"
vary,1359,58.01,63,"to be changeable, both up and down"
environmental,1360,58,63,of the natural world in which plants and animals live
sun,1361,58,63,the hot shining star the earth moves around
healthy,1362,57.99,63,in good condition physically (or financially); not ill or bad
blow,1363,57.98,63,to move something using air
volume,1364,57.97,63,"level of sound produced by an object, such as a radio or television"
location,1365,57.97,63,particular position or area
invest,1366,57.97,63,to use resources to build for the future
proceed,1367,57.97,63,to continue to do something; carry on
wash,1368,57.97,63,to clean someone or something with soap and water
actor,1369,57.96,63,"person who acts in the theater, movies, or tv"
glad,1370,57.96,63,happy that something happened; pleased
tape,1371,57.96,62,to stick things together using an adhesive strip
whereas,1372,57.96,62,taking into consideration the fact that
opposite,1373,57.95,62,across from or on the side facing something
stone,1374,57.95,62,"hard, solid piece of rock"
sum,1375,57.95,62,amount when all is added together; total
murder,1376,57.95,62,crime of deliberately killing a person
monitor,1377,57.94,62,electronic screen on which you can see images
soldier,1378,57.94,62,person who is in the military
finance,1379,57.94,62,control of money a person/business has access to
hate,1380,57.93,62,to have a very strong feeling of dislike for
egg,1381,57.93,62,hard-shelled thing from which a young bird is born
concert,1382,57.92,62,musical entertainment given in public by one or more performers
shock,1383,57.92,62,sudden bad feeling caused by something unexpected
comfortable,1384,57.92,62,not being worried about something; at ease
usual,1385,57.92,62,being the way things occur most of the time
carefully,1386,57.91,62,in a manner that involves focus and care
pack,1387,57.91,62,to put things in a suitcase to go on a trip
recall,1388,57.91,62,to remember events or details of the past
wine,1389,57.9,62,alcoholic drink made from the juice of grapes
camera,1390,57.9,62,"object that takes pictures digitally, or on film"
swim,1391,57.9,62,to move through water by moving parts of the body
manufacture,1392,57.9,62,to produce large numbers of products in a factory
theater,1393,57.89,61,place where shows are performed on a stage
cycle,1394,57.88,61,series of regular and repeated actions
coffee,1395,57.87,61,a brown drink made from roasted beans and boiled water
totally,1396,57.87,61,in a complete way; completely; absolutely
museum,1397,57.87,61,"building to display art, science, or history objects"
visitor,1398,57.87,61,one who goes to a place to see it (or someone)
freedom,1399,57.86,61,"state of being free, not being controlled"
construction,1400,57.86,61,act of building something; thing that is built
dear,1401,57.86,61,loved or valued very much
objective,1402,57.84,61,something you decide you want to do; goal
moreover,1403,57.84,61,in addition to what has been said
onto,1404,57.84,61,movement towards a position that is on something
historical,1405,57.83,61,of or related to events or people in the past
oppose,1406,57.83,61,"to be against someone in a contest, game, or fight; to disagree"
branch,1407,57.82,61,a part of a tree that grows out from the main part; a part of an organization connected to but separate from the main office
vehicle,1408,57.82,61,machine (such as a car) that is used to carry things
scientist,1409,57.82,60,"a person who is trained to gain knowledge by making predictions, testing them, and developing theories"
route,1410,57.81,60,way to get from one place to another place
bind,1411,57.8,60,to join two or more things together to limit their freedom
belong,1412,57.8,60,to be a member of a particular group and feel welcomed
taste,1413,57.8,60,the particular quality of food or drink that can be sensed by a person's mouth
tonight,1414,57.79,60,night following this day
fashion,1415,57.79,60,style of dress or activity popular at some time
danger,1416,57.79,60,"possibility of getting hurt, damaged, or killed"
bomb,1417,57.79,60,a weapon designed to break apart very suddenly and violently
army,1418,57.79,60,large group of soldiers organized to fight in wars
dangerous,1419,57.77,60,involving the chance of hurt or damage; risky
decrease,1420,57.76,60,"to reduce the size, amount, or number of something"
hurt,1421,57.76,60,"to cause pain, damage, or injury"
council,1422,57.75,60,group chosen to make decisions about something
editor,1423,57.74,59,a person whose job is to correct and make changes to the contents of a book or magazine
normally,1424,57.74,59,in the manner that is usual or ordinary
sight,1425,57.74,59,the ability to see
generate,1426,57.73,59,to create or be produced or bring into existence
gift,1427,57.73,59,something given to another for a reason; present
delivery,1428,57.72,59,act of taking something to a person or place
deny,1429,57.72,59,to refuse to allow or accept something
guest,1430,57.72,59,person invited to visit or stay in someone's home
anybody,1431,57.71,59,any person; anyone
bedroom,1432,57.71,59,room for sleeping usually with a bed
quote,1433,57.71,59,to use someone's exact words in your writing or speech
climb,1434,57.7,59,to rise gradually and steadily to a higher point
basically,1435,57.7,59,in the most important ways even if not completely true
violence,1436,57.69,59,use of physical force to harm someone or damage something
minister,1437,57.69,59,an official who heads a government department
mainly,1438,57.68,59,mostly; usually; being the largest part
mouth,1439,57.68,59,part of the face used for eating and talking
noise,1440,57.68,59,a loud or unpleasant sound
manner,1441,57.67,59,that way that something happens or is done
gun,1442,57.67,58,a weapon that shoots small metal objects down a metal tube
square,1443,57.67,58,shape with four sides of equal length sides and four right (90°) angles
occasion,1444,57.65,58,particular time when something important or special happens
familiar,1445,57.64,58,well-known or easily recognized
ignore,1446,57.64,58,"to not listen to, look at, or pay attention to"
destroy,1447,57.64,58,to damage something so badly that it no longer exists
affair,1448,57.63,58,"event or a set of events, often unpleasant ones"
civil,1449,57.62,58,related to the people of a country; not military/criminal
locate,1450,57.62,58,"to find a certain place, position, or location of something"
citizen,1451,57.62,58,person who belongs to and has rights in a country
temperature,1452,57.61,58,"a measure of how hot or cold something is (e.g., the weather)"
gold,1453,57.61,58,soft yellow metal that is very valuable
domestic,1454,57.57,57,of or relating to a particular country; of or relating to the home and family
load,1455,57.57,57,"large, often heavy, amount of something to be moved"
belief,1456,57.57,57,a feeling of being sure that something exists or is true
troop,1457,57.57,57,group of soldiers; an organized group
technical,1458,57.56,57,of practical use of machines or science in industry
remind,1459,57.56,57,to make someone remember something
arrangement,1460,57.56,57,plan or preparation to make something happen; an agreement
skin,1461,57.55,57,outer layer of an animal's or human's body
prison,1462,57.55,57,a place where people who have committed serious crimes are held
switch,1463,57.55,57,to change from one thing to another; a thing you move to change from one thing to another
acquire,1464,57.54,57,to get or earn something by thinking or working
corporate,1465,57.53,57,concerning (usually large) companies
fairly,1466,57.53,57,in a reasonable way; between a little and very much
wood,1467,57.53,57,hard material that trees are made of and is used for building and fuel
participate,1468,57.53,57,to take part with others in doing something
tough,1469,57.53,57,very difficult to do or deal with
tear,1470,57.52,57,1. (v) to damage something by pulling it apart; 2. (n) drop of salty water from the eye
representative,1471,57.52,57,typical of a particular group or thing
capacity,1472,57.52,57,"ability to hold, involve or contain people or things"
border,1473,57.51,56,line separating one country or state from another
shake,1474,57.51,56,to move something violently back and forth or up and down
assessment,1475,57.51,56,opinion based on judging the qualities of something or someone
shoe,1476,57.51,56,outer covering worn on the foot to protect it usually sold in pairs
ought,1477,57.5,56,what is expected; should
ad,1478,57.5,56,public notice or advertisement
fee,1479,57.49,56,amount of money paid for a particular service
hall,1480,57.49,56,"a usually long, narrow room in a building  that leads to other rooms"
regulation,1481,57.48,56,official rule that controls how something is done
escape,1482,57.48,56,to get away from a place where you are being held
studio,1483,57.48,56,"the building or room where art is made, such as paintings, movies, or music"
proper,1484,57.47,56,correct according to social or moral rules
relax,1485,57.47,56,to stop feeling nervous or worried; to rest and do something enjoyable
tourist,1486,57.47,56,someone who travels to a place for pleasure
component,1487,57.47,56,one of the parts that make up something
afford,1488,57.46,56,to have enough money to pay for something
lawyer,1489,57.46,56,a professional who is paid to help people with the law
suspect,1490,57.45,56,to think that someone may have committed a crime or done something wrong
cup,1491,57.45,56,small round container used to hold liquids for drinking
description,1492,57.45,56,something that tells you what something is like or looks like
confidence,1493,57.44,55,feeling that you can do well at something
industrial,1494,57.42,55,concerning the people and businesses that make certain products
complain,1495,57.42,55,to say that you are not happy or satisfied with something or someone
perspective,1496,57.42,55,"way of thinking, an attitude toward something"
error,1497,57.42,55,something that is not correct; a mistake
arrest,1498,57.42,55,to use the law to catch and keep people who committed crimes
assess,1499,57.41,55,to judge something's value or suitability
register,1500,57.4,55,to record your name on an official list; sign up
asset,1501,57.4,55,a person or thing that has value or use to someone or to a company
signal,1502,57.39,55,"An action, change, or process that gives information about something"
finger,1503,57.38,55,one of the five long parts of the hand
relevant,1504,57.38,55,direct related to a subject in a considerable way
explore,1505,57.37,55,to learn about something by examining in detail or someplace by traveling to it
leadership,1506,57.37,55,quality of being able to guide or influence others
commitment,1507,57.36,54,a promise or decision to do something; something that you must do that takes your time
wake,1508,57.36,54,to stop sleeping; to make someone stop sleeping
necessarily,1509,57.35,54,"in a way that is needed or required, or is unavoidable"
bright,1510,57.34,54,producing a lot of light
frame,1511,57.34,54,"(n) 1. the basic structure of something that gives it its shape, to which other parts are added; 2. one picture in a series that make a video; (v) 1. to put a picture in a supporting structure; 2. to produce false evidence so an innocent person appears guilty of a crime"
slowly,1512,57.34,54,done in a way that takes a long time
bond,1513,57.34,54,"something that joins or connects people, groups, or parts; a duty or promise to another; glue"
hire,1514,57.34,54,to employ a person to do a particular job
hole,1515,57.33,54,opening into or through something
tie,1516,57.33,54,to join together two ends of string or rope; to join two or more things together with string or rope
internal,1517,57.33,54,within or inside
chain,1518,57.32,54,"series of connected  things, events, or people"
literature,1519,57.29,54,"writings that are valued as works of art, esp. fiction, drama and poetry"
victim,1520,57.29,54,"person who has suffered from a crime, bad situation, or event"
threaten,1521,57.28,53,to say you will harm or hurt someone
division,1522,57.28,53,act of separating something into parts; groups formed by different functions or opinions
secure,1523,57.27,53,"to protect something from danger or harm, keep things safe"
amaze,1524,57.27,53,to cause wonder; to surprise completely
device,1525,57.26,53,"object, machine, or equipment for a specific use"
birth,1526,57.26,53,when a baby comes out of the body of its mother
forest,1527,57.26,53,large area with many trees
label,1528,57.26,53,a piece of paper or cloth that is attached to something and gives information about it
root,1529,57.26,53,part of a plant that grows underground
factory,1530,57.25,53,building where things are made
expense,1531,57.25,53,the amount of money that is needed to pay for something
channel,1532,57.25,53,"1. a narrow, deep body of water used by ships; 2. a system used for sending something from one place or person to another"
investigate,1533,57.25,53,to try to find out facts; to carry out research
recommendation,1534,57.24,53,suggestion about someone or something being a good choice
rank,1535,57.23,53,to place someone or something in higher or lower position relative to others
typical,1536,57.23,53,normal; usual; expected
west,1537,57.23,53,the direction where the sun sets; opposite of east
friendly,1538,57.23,53,acting like a friend; kind and helpful
resident,1539,57.23,53,someone who lives in a particular place
provision,1540,57.23,53,1. supplies that are needed or wanted; something that is supplied; 2. part of a law or an agreement
concentrate,1541,57.22,53,to give all your attention to a task; focus
plenty,1542,57.22,53,a large  amount of something; a lot; not too little
export,1543,57.21,53,to send goods to be sold in another country
entirely,1544,57.21,53,fully or completely
strongly,1545,57.21,53,in a strong manner; in a very serious way
bridge,1546,57.2,53,"structure built over river or road so people, vehicles, or animals can cross"
consist,1547,57.2,52,"to have as an essential, necessary or main part"
graduate,1548,57.2,52,(v) to receive a degree from a college or university; (n) a person who has received a degree
brand,1549,57.19,52,name given to a product or service
moral,1550,57.18,52,relating to people's belief about right or wrong behavior
insist,1551,57.17,52,to state your opinion strongly and firmly; to demand that something must happen
combination,1552,57.17,52,result of mixing things together
abuse,1553,57.17,52,"to treat someone or something in a way that is cruel, harmful, or wrong"
ice,1554,57.16,52,frozen water
principal,1555,57.16,52,1. most important; main; 2.  the person in charge of a (US) public school
master,1556,57.16,52,1. someone who has control over others; 2. someone who is very skilled at doing something
definitely,1557,57.16,52,without question; beyond doubt
session,1558,57.16,52,period of time for doing a particular activity
grade,1559,57.16,52,level of study that is completed by a student
nevertheless,1560,57.16,52,despite what has just been done or said; nonetheless
predict,1561,57.15,52,to guess or estimate what will or might happen
previously,1562,57.14,52,at an earlier time
protection,1563,57.14,52,being kept from harm
largely,1564,57.14,52,in large part; mainly or chiefly
wed,1565,57.13,52,to marry; to get married
rent,1566,57.13,52,to pay money for the use of something
shot,1567,57.12,52,"the act of firing a gun, or kicking or throwing a ball at a goal"
appearance,1568,57.12,52,way that someone or something looks
reasonable,1569,57.12,52,fair and sensible; appropriate
guarantee,1570,57.12,52,to make a formal promise that something will happen or be done.
till,1571,57.12,52,until
theme,1572,57.11,51,main subject to discuss or describe
judgment,1573,57.11,51,opinion that is made after careful consideration
odd,1574,57.11,51,being strange or different from what is usual or expected
approve,1575,57.1,51,to have a positive opinion of someone or something
loan,1576,57.1,51,something (usually money) that is given to someone for a period of time with a promise that it will be returned
definition,1577,57.1,51,"explanation of word's meaning, as in dictionaries"
elect,1578,57.09,51,choose someone for a position usually by voting
atmosphere,1579,57.08,51,The mixture of gases surrounding the Earth; the feeling that a place or situation gives you
farmer,1580,57.08,51,"someone who owns or looks after farm, a place for growing crops and keeping animals"
comparison,1581,57.07,51,looking for differences and similarities in two or more things
characteristic,1582,57.07,51,a typical feature or quality that a particular person or thing has
license,1583,57.07,51,official document which allows a person to do or have something
rely,1584,57.07,51,able to depend on
narrow,1585,57.07,51,long but not wide; a small distance from one side to the other compared to length
succeed,1586,57.06,51,to finally achieve something that you were trying to achieve
identity,1587,57.06,51,who someone is; the collection of qualities that makes a person
desk,1588,57.05,51,a piece of furniture like a table often with drawers
permit,1589,57.04,51,to allow someone to do something or for something to happen
seriously,1590,57.04,51,in a serious way; in a way that shows something is important
wild,1591,57.03,51,living in nature; not tame
empty,1592,57.03,50,containing nothing; with no contents
commission,1593,57.02,50,a group officially put in charge of finding out about something or controlling something
unique,1594,57.02,50,unlike other things; being the only one like it
association,1595,57.01,50,organization of people with the same interest
instrument,1596,57.01,50,a piece of equipment used for a particular purpose such as making music or measuring something
investor,1597,57.01,50,a person who gives money to help a business grow for a profit
practical,1598,57.01,50,"relating to what is sensible, real, or useful rather than with ideas or theories"
tea,1599,57,50,drink made when you put dried leaves in hot water
lovely,1600,56.99,50,attractive or beautiful
soft,1601,56.99,50,"easy to press, bend or cut; not hard or firm"
row,1602,56.99,50,a straight line of people or things; one after another
youth,1603,56.99,50,when you are young; a young person
lock,1604,56.98,50,to close something with a device so others can't open it
fuel,1605,56.98,50,material used to produce heat or power when burned
expectation,1606,56.98,50,a belief or hope that something is going to happen
employment,1607,56.98,50,having a job; work done for money
celebrate,1608,56.97,50,"to observe an event or occasion (e.g., a birthday)"
sexual,1609,56.97,50,concerning physical activity that can produce babies
shoulder,1610,56.96,50,the part of the body where an arm attaches or joins
breath,1611,56.96,50,air you take in and out of your body
increasingly,1612,56.96,50,more and more; in greater degree or amount
import,1613,56.95,50,to bring items or goods from one country into another
bottle,1614,56.95,50,a container with a narrow neck used to hold liquids like water or wine
ourselves,1615,56.95,49,used by a speaker to show that they and one or more people are affected by their action
sheet,1616,56.94,49,"a large piece of fabric or material that is used to cover something, often a bed"
engine,1617,56.94,49,a machine that changes energy into motion
cast,1618,56.93,49,"to send, throw, or move something or someone in a direction"
notion,1619,56.93,49,idea or opinion about doing something
conservative,1620,56.93,49,preferring traditional styles and values
journey,1621,56.92,49,traveling from one place to another; trip
opposition,1622,56.92,49,act of disagreeing or trying to stop something
relief,1623,56.92,49,the pleasant and relaxed feeling when something unpleasant stops or does not happen
debt,1624,56.92,49,the sum of money owed to somebody that is not yet paid
honor,1625,56.91,49,respect given to someone who is admired
outcome,1626,56.89,49,"something that happens as a result, consequence"
blame,1627,56.89,49,to say someone is responsible for something bad
explanation,1628,56.89,49,details or reasons given to make something clear
arise,1629,56.89,49,"to begin, to start to happen"
musical,1630,56.88,49,play or movie set to music
recover,1631,56.87,49,to become healthy after an illness or injury; to get better
dad,1632,56.87,49,father
stretch,1633,56.87,49,to make something bigger or looser by pulling on it
declare,1634,56.86,49,to say something in an official or sure way
retire,1635,56.86,48,to stop working because you have reached a certain age
tiny,1636,56.85,48,"very, very small"
careful,1637,56.84,48,thinking about what you are doing in order to avoid a mistake
suitable,1638,56.84,48,acceptable or right for someone or something
native,1639,56.84,48,being from or living in the place where you were born
fruit,1640,56.84,48,food that grows on a tree or bush
analyze,1641,56.83,48,to study carefully to find out the meaning of
witness,1642,56.83,48,a person who sees something happen
mail,1643,56.83,48,"a letter, package, or email"
terrible,1644,56.83,48,very bad; horrible
researcher,1645,56.82,48,a person who studies something carefully to learn new information
ordinary,1646,56.8,48,"not special, different, or unusual"
selection,1647,56.78,48,the act of carefully choosing something or someone from a group
anywhere,1648,56.78,48,"in, at, or to any place; used in questions, with 'not'"
mental,1649,56.78,48,concerning the mind
participant,1650,56.77,48,a person who is actively involved and included in something
vision,1651,56.76,47,ability to see things with your eyes
personality,1652,56.76,47,person's character; the way that a person usually acts
specifically,1653,56.76,47,in a well-defined or clear manner; in particular
fat,1654,56.75,47,oily part of meat
entry,1655,56.75,47,the act of going into some place
fellow,1656,56.75,47,someone in the same group or situation; a boy or man
chemical,1657,56.75,47,a basic substance produced by mixing elements
capture,1658,56.75,47,to catch and prevent a person/animal from being free
tip,1659,56.74,47,a small piece of advice; the end of something
discount,1660,56.74,47,an amount of money taken off the usual price of something
peak,1661,56.74,47,"the time or place when something or someone is best, greatest, highest"
chairman,1662,56.73,47,a person in charge of a meeting
proportion,1663,56.73,47,an amount that is a part of a whole thing
ear,1664,56.72,47,the part of the head that you hear with
disappear,1665,56.71,47,to become impossible to see
shout,1666,56.71,47,to speak very loudly because you want to get their attention
yard,1667,56.71,47,outdoor area or garden next to a house
constant,1668,56.71,47,happening frequently or without pause
significantly,1669,56.69,47,in a way that is important or noticeable
hill,1670,56.67,46,an area of land that is higher than the land around it but smaller than a mountain
considerable,1671,56.67,46,"large in size, amount, or effect"
instruction,1672,56.67,46,information about how to do or use something
intelligence,1673,56.67,46,"ability to learn, think about, and understand things"
ideal,1674,56.66,46,perfect; most suitable; best possible
folk,1675,56.66,46,ordinary people
surely,1676,56.66,46,with certainty; definitely
guard,1677,56.66,46,"to keep watch over something to protect it e.g., a bank"
cat,1678,56.65,46,a small animal of the lion and tiger family with four legs and a tail that is kept as a pet
somewhat,1679,56.65,46,"little, not very"
kiss,1680,56.64,46,to put your lips against another's to show love
presentation,1681,56.64,46,act of giving a formal talk about something
joint,1682,56.64,46,1. (n.) place where two things meet; 2. (adj.) done together
compete,1683,56.64,46,to try to win something such as a race or game
poll,1684,56.64,46,to get information by asking many people questions about a particular subject
weak,1685,56.63,46,having little power; not strong; easy to break
faith,1686,56.63,46,a strong belief that someone or something is honest and good
reduction,1687,56.62,46,making something smaller; reducing something
reserve,1688,56.61,46,1. (v) to arrange to use a room or table at a particular time; 2. (n) a store of something
complaint,1689,56.61,46,saying something is wrong and should be changed
bore,1690,56.6,46,to make someone not interested in something
mission,1691,56.6,46,a special task or job that is given to a person or group
somehow,1692,56.59,46,in a way that is not known or certain
tone,1693,56.59,46,sound of a voice that shows emotion or meaning
neighborhood,1694,56.59,46,area of a town or city that people live in
passenger,1695,56.59,46,A person who is traveling in a vehicle
justice,1696,56.58,46,"quality of being fair, equal, or just"
phase,1697,56.58,46,distinct part or step in a process
thin,1698,56.58,46,not thick; not wide in size
rush,1699,56.58,45,to do something very quickly
formal,1700,56.57,45,"suitable for serious, official, or important occasions"
religion,1701,56.57,45,set of beliefs about a god or gods
employer,1702,56.57,45,person or firm that pays people to work for them
reject,1703,56.56,45,"to refuse to believe, accept, or consider"
latter,1704,56.56,45,the second or last mentioned thing
plate,1705,56.56,45,a flat dish used for eating or serving food
ban,1706,56.55,45,to make something illegal or not allowed
steal,1707,56.55,45,to secretly take something that belongs to another
protest,1708,56.55,45,to express opposition through action or words
index,1709,56.55,45,a written or printed list of topics or words in a particular order
sad,1710,56.54,45,feeling unhappy; wishing something hadn't happened
frequently,1711,56.54,45,often; regularly
circle,1712,56.54,45,a perfectly round shape or a group arranged in that shape
helpful,1713,56.53,45,doing things that help someone
command,1714,56.53,45,to give an order; have control over others
attractive,1715,56.52,45,"making you like them, as by being good-looking"
sick,1716,56.52,45,having a physical or mental illness; not feeling well
impression,1717,56.51,45,effect or feeling resulting from an experience
unable,1718,56.51,45,not being able to do something
joke,1719,56.51,45,to say or do things that are meant to be funny
sky,1720,56.51,45,the place where we see clouds above us
column,1721,56.51,45,a tall post made of stone or wood used as a support in a building; one of two or more blocks of print that appear next to each other on a page
electronic,1722,56.51,45,operating by use of electricity; digital
impose,1723,56.5,45,"to make someone to do, believe, or accept something"
criminal,1724,56.49,45,related to illegal activity; (n) a person who has done a crime
besides,1725,56.47,44,other than or in addition to
properly,1726,56.46,44,in a correct or suitable way depending on the situation
ancient,1727,56.46,44,very old; having lived a very long time ago
coast,1728,56.45,44,land near the sea or ocean
ill,1729,56.45,44,not well; sick
kick,1730,56.45,44,to hit someone or something using your foot
closely,1731,56.45,44,very near in space or time; just next to
multiple,1732,56.45,44,many things or people
yield,1733,56.44,44,to give way to someone or something else
via,1734,56.44,44,"by going through, by way of"
legislation,1735,56.44,44,act or process of writing and passing laws
county,1736,56.43,44,an area within a country or a state with its own local government
unlike,1737,56.42,44,appearing or being different
mobile,1738,56.42,44,able to move from one place to another
assistant,1739,56.42,44,"a person who helps another, usually as a job"
implement,1740,56.41,44,to start and carry out a plan or government policy; (n) tool
chart,1741,56.41,44,drawing showing information in a clear way
attach,1742,56.4,44,to be associated or connected with
hell,1743,56.4,44,any place of pain and suffering
everywhere,1744,56.39,44,every place
advise,1745,56.39,44,to suggest what should be done
household,1746,56.39,44,all the people who live in a house; a family
acknowledge,1747,56.39,44,to accept that something is true
reward,1748,56.38,43,to give something to someone because of their good work
east,1749,56.38,43,the direction where the sun rises
hat,1750,56.38,43,something people wear to cover their heads for fashion or protection
academic,1751,56.37,43,related to education or school; (n) educator who works at a college or university
voter,1752,56.37,43,a person who can vote in an election
meanwhile,1753,56.36,43,at or during the same time; in the meantime
furthermore,1754,56.36,43,in addition to what has been said
accuse,1755,56.36,43,to say that someone has done something bad or wrong
scientific,1756,56.35,43,related to science
wage,1757,56.35,43,money paid to workers for the hours they worked
absence,1758,56.35,43,a time when you are not in a place where you should be
construct,1759,56.33,43,to build or create something
remark,1760,56.33,43,to say an opinion or make a comment about something
medicine,1761,56.33,43,liquid or pills used to treat illness or pain; the study of treating illness or pain
professor,1762,56.33,43,a teacher of high rank in a university or college
rare,1763,56.33,43,not common or usual
intention,1764,56.33,43,"plan, aim, or purpose"
dozen,1765,56.32,43,a group of twelve people or things
settlement,1766,56.32,43,an official agreement that ends an argument or fight between people or groups
gap,1767,56.32,43,a space between two things
widely,1768,56.3,43,by or among a large number of people
minimum,1769,56.3,43,lowest number or amount that is possible
northern,1770,56.3,43,in or toward the north
estate,1771,56.3,43,land that a person owns
equally,1772,56.29,43,"in an equal, similar, or identical way"
expose,1773,56.29,43,"to show something that is usually hidden, covered, or protected"
alive,1774,56.29,43,living; not dead
shut,1775,56.28,42,to close something
victory,1776,56.27,42,"a win in a war, game, or competition"
resolve,1777,56.27,42,to find an answer or way to handle a problem
critic,1778,56.27,42,"a person whose job is to give opinions about books, movies, or other forms of art"
variable,1779,56.26,42,having the ability to change or vary
enormous,1780,56.26,42,huge; very big; very large
sweet,1781,56.26,42,tasting like sugar; containing sugar
permanent,1782,56.25,42,lasting forever; not temporary or changing
emotion,1783,56.25,42,"a feeling such as sadness, anger, or love"
pursue,1784,56.25,42,to follow and try to catch something; to try to get something
tall,1785,56.24,42,greater in height than average
urge,1786,56.24,42,to strongly persuade someone to do something
enemy,1787,56.24,42,someone who wants to harm another
appoint,1788,56.23,42,"to officially choose a person for a job, position"
milk,1789,56.23,42,the white liquid produced by females to feed their babies
talent,1790,56.23,42,the natural ability of a person to do something well
smell,1791,56.22,42,to use your nose to sense something
prior,1792,56.22,42,happening or coming earlier in time
priority,1793,56.22,42,something that is important and must be done before other things
online,1794,56.22,42,connected to the internet
phrase,1795,56.19,42,a group of words that forms a unit and expresses a single meaning
pilot,1796,56.19,42,"a person who controls an airplane, spacecraft, or boat"
stable,1797,56.19,42,in a good situation or condition; not likely to change
merely,1798,56.18,42,"only, simply, or nothing more than"
resolution,1799,56.18,42,a formal agreement or statement decided by a group of people
communicate,1800,56.18,42,to give and exchange information
injury,1801,56.17,41,physical or emotional harm or damage that a person experiences
vast,1802,56.17,41,being very large in size or amount
exhibition,1803,56.17,41,an event at which an object or group of objects is shown to the public
producer,1804,56.17,41,a company making or growing a certain product
regional,1805,56.17,41,having to do with a particular area
immediate,1806,56.16,41,done without delay; straight away
incident,1807,56.16,41,"something that happens, especially if it is bad or unusual"
childhood,1808,56.16,41,the time when you are a child
draft,1809,56.16,41,a piece of writing or plan that is not yet finished
slip,1810,56.16,41,to slide out of position or fall to the ground by accident
accompany,1811,56.16,41,to go somewhere with someone
politician,1812,56.15,41,someone who is active in politics
angry,1813,56.15,41,having a strong feeling about something that you dislike very much
knock,1814,56.15,41,to hit something to get people's attention
seed,1815,56.15,41,a small object made by a plant from which a new plant can grow; the beginning of something
salary,1816,56.15,41,money an employee is paid each year
illustrate,1817,56.13,41,"to explain with examples, to make it easier to understand"
imply,1818,56.13,41,"to suggest something, without saying it directly"
breakfast,1819,56.13,41,the first meal of the day
temporary,1820,56.12,41,"continuing for a limited time, not permanent"
liberal,1821,56.12,41,open to new ideas; believing government should actively support social needs
lake,1822,56.11,41,a large area of water surrounded by land
qualify,1823,56.11,41,to get the necessary skill or knowledge to do a particular job or activity
competitive,1824,56.1,41,wanting to win or to be better than others
truly,1825,56.09,41,based on truth or fact or reality
hi,1826,56.08,41,what you say when you meet someone; hello
yellow,1827,56.08,41,color of lemons or the sun
habit,1828,56.08,41,the usual way of behaving; something often repeated
disk,1829,56.08,41,a flat round object
core,1830,56.08,41,the central part of a fruit that contains the seeds; the central part of something
emotional,1831,56.08,41,related to deep feelings
aircraft,1832,56.07,40,a machine that can fly
self,1833,56.07,40,the type of person you really are
metal,1834,56.07,40,"a type of hardy material that is usually hard and shiny that can be used to make things, such as iron, gold, or steel"
existence,1835,56.07,40,"state of being present, alive, or real"
bone,1836,56.06,40,hard pieces of a body that form the frame of an animal
panel,1837,56.05,40,"a rectangular piece of wood, metal, etc., that is a part of something bigger; a group of people who discuss something"
prime,1838,56.05,40,main; most important; best quality
appointment,1839,56.04,40,the time you arranged to meet someone or do something
emphasize,1840,56.03,40,to stress the items that are important
maximum,1841,56.03,40,largest or greatest
effectively,1842,56.02,40,in a way that produces the result you want
elsewhere,1843,56.01,40,in or to another or different place
bother,1844,56.01,40,to take the trouble to do something
initiative,1845,56.01,40,ability to decide or act upon things yourself without depending on someone else
sharp,1846,56.01,40,having a thin edge or point that is able to cut
diet,1847,56,40,the type of food that a person or animal usually eats
motion,1848,56,40,a movement; the way something moves
gray,1849,56,40,color between black and white
plastic,1850,56,40,"a very common, light, strong material that can be formed into many different shapes and is made by a chemical process"
complicate,1851,55.99,40,to make more difficult
discipline,1852,55.99,40,the teaching of self-control through instruction and practice
disappoint,1853,55.99,40,to not meet the expectations of others or yourself
boss,1854,55.98,40,"a person who manages you, or is in charge of you at work"
assumption,1855,55.98,40,"something you believe to be so, but aren't sure of"
freeze,1856,55.98,40,to become hard because of very cold temperatures
extreme,1857,55.98,40,very great in degree
passage,1858,55.98,40,"a long, narrow area that connects one place to another"
reputation,1859,55.98,40,an opinion that people have about someone or something based on the past
forth,1860,55.98,40,"out of a place; forward in time, place, or way"
negotiation,1861,55.97,40,a formal discussion to reach an agreement
mechanism,1862,55.96,39,a part or a set of parts of a machine that has a particular function
coat,1863,55.96,39,clothing worn outside over your normal clothes
democracy,1864,55.96,39,a system of government in which the people of a country can vote to elect who will govern them
pocket,1865,55.96,39,small cloth bag sewn into clothing to hold things
lucky,1866,55.96,39,fortunate; having good things happen to you
crash,1867,55.96,39,to hit something hard enough to cause serious damage
observation,1868,55.96,39,careful watching and listening; remark or comment on something you have noticed
meat,1869,55.95,39,the muscles and soft parts of animals or birds that is eaten as food
concentration,1870,55.95,39,the ability to direct all your effort and attention on the one thing you are doing and nothing else
implication,1871,55.95,39,possible effects or results from an action or event
deserve,1872,55.94,39,to get the appropriate reward or punishment for the way you behaved or something you did
unusual,1873,55.94,39,different from what is ordinary or normal in a way that attracts attention; not usual
defend,1874,55.94,39,to protect against an attack
classic,1875,55.93,39,something popular or famous for a long time and is considered one of the best of its kind
king,1876,55.93,39,the male ruler of a country that has a royal family
interaction,1877,55.92,39,process of two or more people or things affecting each other
repair,1878,55.92,39,to fix something that is broken; fix
collapse,1879,55.92,39,to suddenly fall down or break apart
borrow,1880,55.92,39,to receive something from someone and later return it
fundamental,1881,55.9,39,relating to the most important parts of something
dish,1882,55.89,39,a shallow container for cooking or serving food
abroad,1883,55.89,39,in or to a foreign country
soul,1884,55.89,39,the spiritual part of a person
capable,1885,55.88,39,able to do something; can do
defeat,1886,55.88,39,to win against someone in something such as a fight or game
presidential,1887,55.87,39,relating to the president
perfectly,1888,55.87,39,in a faultless manner; without mistakes
enhance,1889,55.87,39,to make something better; to improve
proud,1890,55.87,39,pleased because of something you have done
emergency,1891,55.87,39,a sudden serious event needing immediate action
educational,1892,55.87,39,relating to teaching in a school
distinguish,1893,55.86,39,to notice the difference between two or more things or people
substantial,1894,55.86,39,"large in amount, quantity, or size"
nearby,1895,55.85,38,not far away
manufacturer,1896,55.85,38,a person or company that makes a product
slide,1897,55.85,38,"to move smoothly and easily, usually over a surface"
valuable,1898,55.85,38,worth a lot of money
personally,1899,55.85,38,"by a specific person, and not by anyone else"
breast,1900,55.85,38,one of the two parts on the front of a woman's body that produce milk when she has a baby
cope,1901,55.83,38,to deal successfully with a difficult problem
approximately,1902,55.83,38,around; nearly; almost; about (a number)
accommodation,1903,55.83,38,"a place to stay, often a hotel"
highlight,1904,55.83,38,the best or most interesting part of something
reporter,1905,55.83,38,"someone whose job is to write and report news for a newspaper, magazine, television, or radio station"
climate,1906,55.83,38,typical weather conditions in a particular place
shirt,1907,55.82,38,a light piece of clothing with sleeves for the upper body
exception,1908,55.82,38,something not included in or different from a group of things
corporation,1909,55.82,38,big company or a combination of several companies
chip,1910,55.81,38,a small piece that was broken or taken off something
winner,1911,55.81,38,the person or animal that is the best in a contest or first in a race
encounter,1912,55.81,38,"to have or experience something, often unpleasant or difficult"
brown,1913,55.81,38,"of the color of coffee, wood, or chocolate"
breathe,1914,55.81,38,to move air into and out of your lungs
excuse,1915,55.8,38,to give a reason to explain why you did something
partly,1916,55.8,38,in part; not completely
tennis,1917,55.79,38,game played by hitting a ball over a net
urban,1918,55.79,38,concerning a city; located in a city
confuse,1919,55.79,38,to make something unclear or hard to understand
southern,1920,55.79,38,in or from the south
output,1921,55.79,38,amount of something that is produced
beauty,1922,55.79,38,quality of being physically or visually attractive
massive,1923,55.79,38,very big; very large and heavy
install,1924,55.78,38,to set up a piece of equipment so that it is ready to use
calculate,1925,55.78,38,to find an answer using mathematics
mouse,1926,55.78,38,a small animal that has fur and a long tail
mathematics,1927,55.77,38,study or science of numbers and shapes
upper,1928,55.77,38,higher than others of the same kind
creation,1929,55.76,38,act of making something
occupy,1930,55.76,38,"to fill a time, a space, or an area"
outline,1931,55.76,38,"the main ideas or facts about something, without the details"
sufficient,1932,55.76,38,having as much as is needed for a particular purpose
update,1933,55.76,38,to change something by adding the most recent information
luck,1934,55.75,38,"accidental way things happen, often good things"
preserve,1935,55.75,38,to keep something in an unchanged or perfect condition
split,1936,55.75,38,to break something into pieces or divide something
swing,1937,55.75,38,to move smoothly backwards and forwards or from side to side while hanging from something
illness,1938,55.75,38,unhealthy condition of the mind or body
journalist,1939,55.75,38,"a person who writes news reports for newspapers, magazines, television, or radio"
sudden,1940,55.75,38,happening or done quickly or unexpectedly
advertisement,1941,55.74,38,"a picture, short film, text, etc., that tells people about a product or service"
consistent,1942,55.74,38,always acting or happening in the same way
originally,1943,55.73,37,at first; in the beginning
aside,1944,55.73,37,to the side; out of the way; for later use
comfort,1945,55.71,37,"state of being relaxed, warm, or happy"
secondly,1946,55.71,37,used to give a point or reason after the first
severe,1947,55.7,37,very bad; very serious
gene,1948,55.7,37,part of a cell that controls the development and appearance of a living thing
prospect,1949,55.7,37,"the possibility that something might happen in the future, especially something good"
snow,1950,55.7,37,soft white pieces of frozen water falling from the clouds
plot,1951,55.7,37,"a plan to do something, often in secret and bad"
neck,1952,55.69,37,part of the body joining the head and the body
criteria,1953,55.67,37,details used to make a decision
primarily,1954,55.67,37,in the most basic or important way
integrate,1955,55.67,37,to combine together; make into one thing
criticism,1956,55.66,37,written or spoken remarks about what is bad about someone or something
convention,1957,55.66,37,"a large meeting of the members of a profession, organization, or who have the same interests"
bet,1958,55.66,37,to make an agreement on the results of an event where the losers give something (usually money) to the winner
retain,1959,55.66,37,to continue to have or use something; to keep
sequence,1960,55.66,37,an ordered group of related events or things
plain,1961,55.65,37,simple; easy to understand; clear
volunteer,1962,55.64,37,someone who works willingly without pay
rural,1963,55.64,37,"relating to parts of a country that are outside towns and cities, with fields, woods, etc."
calm,1964,55.64,37,relaxed and not worried or angry
abandon,1965,55.64,37,to leave someone or something you are responsible for and not return
examination,1966,55.64,37,"test of your knowledge of, or ability in something"
silence,1967,55.64,37,no sound or noise
rapidly,1968,55.63,37,with great speed
efficient,1969,55.62,37,able to work well without waste
revolution,1970,55.62,36,"a change in the way a country is governed, usually by violence or war; a complete change"
delight,1971,55.62,36,a strong feeling of great pleasure and happiness
spell,1972,55.61,36,"to be able to say, write, or print the letters that make up a word"
premise,1973,55.61,36,a statement or idea that is accepted as being true and is used for developing other ideas and actions
lean,1974,55.6,36,to bend or move someone's body in a particular direction; (adj) very little fat
dramatic,1975,55.6,36,sudden and extreme
differ,1976,55.59,36,to be not the same as others
grateful,1977,55.59,36,feeling or showing thanks; thankful
protein,1978,55.59,36,"a substance found in some foods, such as meat, that is needed by the body to stay healthy"
bike,1979,55.59,36,a vehicle with two wheels that a person can ride
distribute,1980,55.58,36,to hand in or deliver something to people
intellectual,1981,55.58,36,of or relating to the ability to think in a logical way and understand complicated ideas and subjects
derive,1982,55.58,36,to develop or get something from something else
crucial,1983,55.58,36,extremely important
unemployment,1984,55.57,36,the number of people in an area who want to work but do not have a job
wheel,1985,55.57,36,the round thing under a vehicle that turns and makes it move
crop,1986,55.57,36,"plants grown on a farm for food (e.g., corn or rice)"
minority,1987,55.57,36,a part of a group that is less than half of the whole; a small part
origin,1988,55.57,36,the point at which something begins or is created
interpretation,1989,55.57,36,an explanation or opinion of the meaning of something
gentleman,1990,55.56,36,a man who has good manners and is considerate
drama,1991,55.56,36,a piece of writing that tells a story about a serious subject or an exciting event
landscape,1992,55.56,36,a large area of countryside or land that has a particular quality or appearance
educate,1993,55.56,36,to teach someone in a school or college
toy,1994,55.55,36,a thing that children play with
fault,1995,55.55,36,a bad quality or part of someone or something; responsibility for a mistake or bad situation
exhibit,1996,55.55,36,to display or make available for people to see
minor,1997,55.54,36,"not so large in size, not important or valuable"
hunt,1998,55.53,36,to search for wild animals to kill for food or sport
storm,1999,55.53,36,"bad weather with a lot of rain, snow, and strong winds"
thick,2000,55.53,36,having a large distance between two surfaces
achievement,2001,55.53,36,something good that you have successfully done
negotiate,2002,55.53,36,to have a formal discussion to reach an agreement
dominate,2003,55.52,36,to have power or influence over
supplier,2004,55.51,36,organization that provides a product or service
prize,2005,55.51,36,something that is won in a contest or given as an award
typically,2006,55.51,36,in a normal or usual way
peer,2007,55.51,36,"person of the same age, class, or background as another"
pension,2008,55.51,36,regular payments you receive after you retire
wing,2009,55.51,36,part of an animal's body that is used for flying
acquisition,2010,55.51,36,act of getting something
laughter,2011,55.5,36,action or sound of laughing
deeply,2012,55.5,36,"to a great, intense, or extreme extent"
recognition,2013,55.5,35,accepting that something is true or that it exists
electricity,2014,55.5,35,energy generated positive and negative charges
assistance,2015,55.5,35,act of helping someone
roof,2016,55.5,35,cover or top of something
retirement,2017,55.5,35,time when someone has stopped working because of their age
respectively,2018,55.49,35,in the order people or things were mentioned
variation,2019,55.49,35,something almost the same as another but different
ultimately,2020,55.49,35,"finally, after doing other things"
proof,2021,55.48,35,information which shows that something is true or correct
soil,2022,55.48,35,top layer of earth in which plants grow
smart,2023,55.48,35,"being clever, having a good mind"
layer,2024,55.48,35,an amount of something that is spread over a surface
upset,2025,55.48,35,"troubled, worried, or angry"
tooth,2026,55.47,35,hard white thing in the mouth used for biting and eating
representation,2027,55.47,35,speaking or doing something officially for another person
preparation,2028,55.47,35,getting ready for something
dispute,2029,55.47,35,argument between two or more parties about something
agenda,2030,55.46,35,a list of subjects that people will discuss at a meeting
emphasis,2031,55.46,35,particular importance to the way something is said
edition,2032,55.46,35,a particular version of something that is sold to the public
silver,2033,55.46,35,"expensive, near white color metal (symbol Ag)"
entertainment,2034,55.46,35,"activities that make people have a good time by singing, telling jokes, etc."
honest,2035,55.46,35,good; always telling the truth and not stealing
undertake,2036,55.44,35,"to begin or attempt, commit oneself to and begin"
retail,2037,55.44,35,concerning the business of selling products to the public for personal use
wire,2038,55.44,35,"thin, flexible thread of metal"
unlikely,2039,55.44,35,not being likely to happen or not likely to be the truth
gay,2040,55.43,35,person attracted to someone of the same sex
publication,2041,55.43,35,process of producing a book or magazine
slight,2042,55.43,35,very small in degree or amount
unknown,2043,55.43,35,not familiar or famous
framework,2044,55.42,35,basic structure of something
zone,2045,55.42,35,area of space used for a particular reason
restrict,2046,55.42,35,to prevent from doing something
trace,2047,55.41,35,"to find, describe or discover by investigation"
inch,2048,55.41,35,a measure of length; 1/12 of a foot (2.54 centimeters)
equivalent,2049,55.41,35,"being about equal in value, use, or meaning"
solid,2050,55.39,35,firm or hard; not a gas or liquid
enterprise,2051,55.39,35,a business or organization
elderly,2052,55.39,35,"a polite word for 'old', used to describe people"
owe,2053,55.39,35,"to need to pay money to a person, bank, business, etc."
governor,2054,55.38,35,person who leads a state or province
uniform,2055,55.38,35,a set of clothes that show you are part of a group or school
port,2056,55.37,34,a town or an area of a town next to water where ships arrive and leave from
pitch,2057,55.37,34,1. the level of a sound; 2. a throw of a ball; 3. a speech to sell something; 4. black substance that is sticky when hot and hard when dry
arrival,2058,55.37,34,when someone or something gets to a place
contemporary,2059,55.36,34,being of the time being discussed
gate,2060,55.36,34,place in a fence which can be opened or closed
ease,2061,55.36,34,state of being comfortable or relaxed
beer,2062,55.36,34,alcoholic drink that is made from wheat or grains
specialist,2063,55.35,34,person who works in one specific area of a field or profession
assure,2064,55.35,34,to make sure that something happens
profile,2065,55.35,34,description listing the basic information about a person or group
mood,2066,55.34,34,emotion or a state of mind; how you feel
episode,2067,55.34,34,show which is part of a larger story
crack,2068,55.33,34,to almost break something
numerous,2069,55.33,34,existing in large numbers
submit,2070,55.32,34,to accept a superior force has power over you
symptom,2071,55.32,34,a change in someone or something that shows they have an illness or problem
virtually,2072,55.31,34,almost completely
era,2073,55.31,34,a period of time in history that is special for a particular reason
coverage,2074,55.3,34,"way a newspaper, television program, etc., reports an event or subject"
tension,2075,55.3,34,feeling of anxiety and inability to relax
cable,2076,55.29,34,"wire carrying electricity, tv signals, internet, etc."
sensitive,2077,55.29,34,easily hurt or damaged
nervous,2078,55.29,34,having a tendency to become uneasy or anxious
input,2079,55.29,34,"to put in information, advice, or opinions"
isolate,2080,55.28,34,to keep in a place or situation apart from others
prisoner,2081,55.27,34,someone kept in a prison as punishment for a crime
eliminate,2082,55.27,34,to completely remove; to get rid of
tight,2083,55.27,34,held together firmly; difficult to move
wet,2084,55.27,34,covered or soaked with a liquid; not dry
secondary,2085,55.26,34,less important than something else
welfare,2086,55.26,34,a government program to help poor people
recruit,2087,55.26,34,"to get people to come and work, join, or study with you"
exclude,2088,55.25,34,to prevent someone from access to a group
string,2089,55.25,33,thin rope
cloud,2090,55.25,33,"a mass of water vapor in the sky, as when it is going to rain"
persuade,2091,55.25,33,"to get you to do/believe something, by giving reasons"
inspire,2092,55.24,33,to make someone have the desire to do something
grand,2093,55.24,33,including many things; very large
hence,2094,55.24,33,"from now, later than the present time"
crew,2095,55.23,33,"an organized group of workers (e.g., on a ship)"
phenomenon,2096,55.23,33,a fact that can be observed and studied
pupil,2097,55.23,33,1. a child or young person who is being taught; a student; 2. the black round part in the center of the eye that lets in light
FALSE,2098,55.23,33,not real or true
assist,2099,55.22,33,to help
restore,2100,55.22,33,"to put or bring back into existence or use, mend"
formula,2101,55.21,33,"plan, rule, or method for doing or making something"
alter,2102,55.21,33,to make a change to something
perceive,2103,55.2,33,to notice or become aware of something
routine,2104,55.2,33,happening or done regularly or frequently
sink,2105,55.19,33,"to go down below the surface of water, mud, etc."
stare,2106,55.19,33,to look at someone or something for a long time
anymore,2107,55.19,33,no longer; no more
hero,2108,55.18,33,person of great courage and strength who saves others
supporter,2109,55.18,33,someone who shows they are in favor of an idea/plan
convert,2110,55.18,33,"to change form, character, or function to another"
steady,2111,55.18,33,"firmly fixed, supported, or balanced; not shaking, rocking, or likely to fall over"
meter,2112,55.17,33,unit of length equal to 100 cm or about 39 inches
truck,2113,55.17,33,a large road vehicle used to carry things
nose,2114,55.17,33,part of the face used for breathing and smelling
beside,2115,55.17,33,by the side of something; next to something
sail,2116,55.17,33,to travel on water in a ship or boat
disaster,2117,55.17,33,something that causes a lot of harm or damage
pace,2118,55.17,33,the speed at which someone or something moves or happens
heavily,2119,55.17,33,a lot or to a great degree
devote,2120,55.16,33,to decide to use or give something for something else
terrorist,2121,55.16,33,a person who uses fear or violence for a political purpose
justify,2122,55.16,33,to give reasons why you did something or why it is right
vital,2123,55.16,33,necessary
fascinate,2124,55.16,33,attract or interest greatly
external,2125,55.15,33,outside of something
spare,2126,55.15,33,kept as something extra that can be used if it is needed
whenever,2127,55.15,33,at any or every time that
depression,2128,55.14,33,a feeling of great sadness
guilty,2129,55.14,33,having done something bad or illegal
underlie,2130,55.14,33,to lie or exist beneath
mom,2131,55.14,33,mother
distinction,2132,55.14,33,the special quality that makes something different
satisfaction,2133,55.14,33,happy feeling because of something that you did
incorporate,2134,55.14,33,to include or involve as part of something else
pour,2135,55.14,33,to make a liquid flow from one container into another
sweep,2136,55.13,33,to remove dust or dirt from a surface with a broom or brush
obligation,2137,55.13,33,something that you do because it is your duty or because you feel you have to
sir,2138,55.12,33,form of address to a man you respect
evaluate,2139,55.11,32,to form an idea to judge something carefully
anger,2140,55.1,32,"to make someone mad, upset, or annoyed"
pub,2141,55.1,32,a place that sells alcohol and food
perception,2142,55.1,32,the way in which one sees or understands something
naturally,2143,55.09,32,as someone would expect; not surprising
currency,2144,55.09,32,a money system that a country uses
database,2145,55.09,32,information stored in a computer in an organized way
initially,2146,55.09,32,at the beginning
territory,2147,55.08,32,area of land or ocean owned or controlled by a government or person
stream,2148,55.08,32,small river
rarely,2149,55.08,32,in an infrequent manner
height,2150,55.07,32,distance of something from the bottom to the top
apparent,2151,55.07,32,easy to see or clearly understand
western,2152,55.07,32,"coming from, found in, or facing towards the west"
expansion,2153,55.06,32,act of expanding or becoming bigger
constantly,2154,55.06,32,happening a lot or all the time
muscle,2155,55.06,32,a body tissue that can become longer or shorter and moves the body
scare,2156,55.06,32,to make someone feel frightened or worried
badly,2157,55.05,32,not in a good way; not as wanted or liked
everyday,2158,55.05,32,used or seen daily; suitable for daily use; ordinary
boundary,2159,55.05,32,where one area ends and another begins
ratio,2160,55.05,32,two numbers that show ​the relationship between two groups of people or things
essay,2161,55.05,32,short written work that displays someone's opinions or beliefs regarding a particular subject
scream,2162,55.04,32,to make a sudden loud cry
withdraw,2163,55.03,32,pull back; move away or backward from something
pollution,2164,55.03,32,dirty or dangerous waste released into an environment
disorder,2165,55.03,32,a lack of organization
furniture,2166,55.02,32,"items such as tables, chairs, beds, or closets"
symbol,2167,55.01,32,action or object that represents a particular idea or quality
apartment,2168,55.01,32,set of rooms to live in on one floor of a building
demonstration,2169,55.01,32,explanation of how something works
analyst,2170,55,32,someone who is skilled at studying the details of data
platform,2171,54.99,32,a raised area for people to stand on
steel,2172,54.99,32,very strong metal made of iron and other substances mixed together
cake,2173,54.99,32,"a sweet baked food made from flour, eggs, fat, and sugar"
transform,2174,54.99,32,to change the shape of something completely
wound,2175,54.98,31,an injury to the body that is caused when something breaks the skin
restriction,2176,54.98,31,a rule or law that limits what people can do
foundation,2177,54.98,31,underground base on which a building is constructed
designer,2178,54.98,31,someone who creates plans to make something
strain,2179,54.98,31,too much pressure on a person or system that can cause problems
innovation,2180,54.97,31,new invention or idea that is created
album,2181,54.97,31,book with a collection of photographs or pictures
singer,2182,54.97,31,"a person who sings, often as a profession"
trail,2183,54.96,31,"a path through the countryside, often where people walk"
trap,2184,54.96,31,a device used for catching animals
loose,2185,54.96,31,not tightly attached or held
extension,2186,54.95,31,extra time allowed to complete something
wealth,2187,54.95,31,large amount of money and possessions
gradually,2188,54.95,31,occurring in a slow manner over a period of time
tank,2189,54.95,31,container for holding liquid or gas
evil,2190,54.94,31,morally bad; causing harm to someone
remarkable,2191,54.94,31,"interesting and unexpected, worthy of notice"
tune,2192,54.94,31,group of musical notes that make a nice sound
grass,2193,54.94,31,"plants with narrow green leaves, grown on lawns"
invitation,2194,54.94,31,when someone asks you to do something or go somewhere
transition,2195,54.94,31,a gradual change from one condition to another
frighten,2196,54.93,31,to make someone afraid or nervous
bid,2197,54.93,31,an offer to pay a particular amount of money for something
breed,2198,54.93,31,to produce baby animals of specific kinds
extraordinary,2199,54.93,31,beyond what is ordinary; very unusual; remarkable
brilliant,2200,54.93,31,having a great amount of intelligence or talent
adviser,2201,54.93,31,an expert who suggests what someone should do
stem,2202,54.93,31,"the long, thin part of a plant that supports leaves and flowers"
reverse,2203,54.92,31,to go in the opposite direction
mode,2204,54.92,31,way of acting or doing something
mirror,2205,54.92,31,a thing with a glass surface used to look at yourself
awful,2206,54.92,31,very bad; horrible; terrible
pose,2207,54.92,31,to put someone in a position to be photographed
adjust,2208,54.92,31,to change so as to fit in with new conditions
creative,2209,54.91,31,having the ability to make something new
nowadays,2210,54.91,31,at the present time; now
poem,2211,54.91,31,"a written composition in verse, not prose"
agricultural,2212,54.91,31,concerning farming
competitor,2213,54.91,31,"someone taking part in a race, business, etc."
alcohol,2214,54.91,31,"drinks such as wine, whiskey, beer"
festival,2215,54.9,31,cultural event with a program of events
vegetable,2216,54.9,31,a plant that is raised and eaten as food
van,2217,54.9,31,truck with an enclosed cargo space
confident,2218,54.9,31,feeling that you can do well at something
planet,2219,54.88,31,one of the bodies that orbit the sun
curve,2220,54.88,31,a smooth rounded line that is not straight
knee,2221,54.88,31,the middle part of your leg that bends
overcome,2222,54.88,31,to succeed in a struggle
web,2223,54.87,31,a net made by spiders; many things connected together
depth,2224,54.87,31,distance below a surface
entrance,2225,54.86,31,a way into a place
log,2226,54.86,31,a piece of a tree that has been cut
giant,2227,54.86,31,"extremely big, or much bigger than other things"
god,2228,54.85,31,a being with special powers that cannot be explained by nature
portion,2229,54.85,31,part of a whole
substance,2230,54.85,31,a particular type of material
extensive,2231,54.85,31,large; full or complete
interpret,2232,54.84,30,to repeat what was said in another language
independence,2233,54.83,30,having the freedom to make your own decisions
sugar,2234,54.83,30,white sweet substance used to make foods sweeter
inner,2235,54.83,30,concerning the inside part of something
harm,2236,54.82,30,"to hurt, damage, or cause problems"
consult,2237,54.82,30,to discuss something to make a decision
pink,2238,54.81,30,pale red color
shadow,2239,54.81,30,a dark shape that appears when something stops the light
strip,2240,54.81,30,to take something away from (someone)
smooth,2241,54.81,30,something that feels pleasant and flat when you touch it; not rough
intervention,2242,54.81,30,involvement in a situation to prevent future problems
impress,2243,54.81,30,to make someone admire or respect another person or thing
exam,2244,54.81,30,test of your knowledge or ability in something
vice,2245,54.81,30,type of evildoing
radical,2246,54.8,30,very new and different from what is traditional
similarly,2247,54.8,30,in a way that is almost the same as something or someone else
behave,2248,54.8,30,to act in a particular way; to act correctly
loud,2249,54.8,30,making a lot of noise
dimension,2250,54.8,30,"measurement of length, width, or height"
subsequent,2251,54.79,30,happening after
infection,2252,54.79,30,act or state of becoming infected with a disease
jacket,2253,54.78,30,"a light, thin coat"
efficiency,2254,54.78,30,working well; producing something without waste
dirty,2255,54.78,30,not clean
statistic,2256,54.78,30,a number that represents a piece of information
regularly,2257,54.78,30,"at the usual time each day, week, or month"
resort,2258,54.78,30,a place where people go on holiday
iron,2259,54.77,30,the hard metal used to make steel (symbol Fe)
broadcast,2260,54.77,30,to send out signals by radio or television
membership,2261,54.77,30,all the people who belong to a club or group
bread,2262,54.77,30,"baked food made from flour, used in sandwiches, etc."
blind,2263,54.77,30,unable to see; with eyes that cannot see
pure,2264,54.76,30,not mixed with anything else
bloody,2265,54.76,30,covered or spotted with blood on the surface
ally,2266,54.76,30,"someone who supports, helps, or defends you"
quantity,2267,54.76,30,amount or number of something
bend,2268,54.76,30,to make something not straight; make into a curve
mature,2269,54.75,30,"being an adult, being fully developed physically"
briefly,2270,54.75,30,happening in a short period of time; using few words
alarm,2271,54.75,30,sound or light used for a warning or to wake someone
disturb,2272,54.74,30,to stop someone from working or sleeping
sustain,2273,54.74,30,"to maintain, lengthen or continue to do something"
flood,2274,54.74,30,a large amount of water covering land that is usually dry
poverty,2275,54.73,30,being poor
crazy,2276,54.73,30,not being sensible or practical
cite,2277,54.73,30,to mention the work of others in your writing
newly,2278,54.72,30,very recently; just done or made
parallel,2279,54.72,30,very similar and often occurring at the same time
gender,2280,54.72,30,state of being male or female
sponsor,2281,54.72,30,to help someone or something succeed by giving them money
boot,2282,54.71,30,footwear covering your foot and part of your leg
accurate,2283,54.7,30,correct; not having mistakes or errors
dealer,2284,54.69,29,someone who buys things to sell to others
button,2285,54.69,29,small round piece of material used to fasten clothing
burden,2286,54.69,29,"something that causes worry, difficulty, or hard work"
desert,2287,54.69,29,area of land that has very little water and few plants
mate,2288,54.69,29,"someone who you work, live, or go to school with"
occasionally,2289,54.68,29,not very often; sometimes; seldom
shareholder,2290,54.68,29,someone who owns a part of a corporation
bowl,2291,54.67,29,a round container used for holding things like rice or soup
discovery,2292,54.67,29,learning something for the first time
resistance,2293,54.67,29,refusal to accept something new or different
bath,2294,54.66,29,the cleaning of a body by putting it completely into water
frequency,2295,54.66,29,how often something happens
criticize,2296,54.66,29,to say that someone or something is bad
tap,2297,54.65,29,to hit something lightly
philosophy,2298,54.65,29,study of ideas about the fundamental nature of life
lip,2299,54.64,29,top and bottom part of the outside of a person's mouth
attribute,2300,54.64,29,"a quality or characteristic that someone or something has (e.g., size or color)"
apologize,2301,54.64,29,to say sorry because of a mistake or injury you made
approval,2302,54.63,29,positive opinion of something or someone
grab,2303,54.63,29,to quickly reach out and take something in your hand.
entitle,2304,54.63,29,to give the right to do or have something to someone
lend,2305,54.63,29,to give to someone for a while before it is returned
involvement,2306,54.63,29,act or process of joining in a particular activity
exposure,2307,54.63,29,state of experiencing something directly
conventional,2308,54.62,29,following the common attitudes and practices
digital,2309,54.62,29,using electronic signals or computers
translate,2310,54.61,29,to change words from one language into another
edit,2311,54.6,29,to check and makes changes before publication
formation,2312,54.6,29,"process of creating, or making into a particular shape"
deposit,2313,54.6,29,"money that is given for a special purpose such as proof that you will buy something, or as savings in a bank"
pleasant,2314,54.58,29,causing a good feeling
overseas,2315,54.58,29,in or to a foreign country that is across a sea
advocate,2316,54.58,29,"to publicly support a belief, or to request a change"
establishment,2317,54.57,29,"organization, institution, or place to do business"
summary,2318,54.56,29,a brief statement that gives the most important information
rough,2319,54.56,29,"not smooth, gentle, or careful"
pen,2320,54.55,29,something you write with that uses ink
recovery,2321,54.55,28,process of returning to a former state after problems
seal,2322,54.55,28,to make something so that it does not leak air or water
tube,2323,54.55,28,"long, hollow object"
tower,2324,54.54,28,"a tall, narrow building"
characterize,2325,54.54,28,"to describe the qualities of a person, place, thing"
specify,2326,54.53,28,"to state, name, or mention exactly and clearly"
exact,2327,54.52,28,completely correct; accurate; specific
spin,2328,54.52,28,to turn around repeatedly
operator,2329,54.51,28,"someone who uses and controls something, usually equipment"
infant,2330,54.51,28,child in the beginning stage of life; a baby
dig,2331,54.5,28,to move material to create a hole
drag,2332,54.5,28,to pull something that is difficult to move
mount,2333,54.5,28,to organize and begin an action; to attach to a support
wrap,2334,54.5,28,to cover something on all sides with a piece of material or paper
anticipate,2335,54.5,28,to expect or look ahead to something positively
dependent,2336,54.5,28,someone who depends on another for (financial) support
specialize,2337,54.5,28,to focus on one area of a field or profession
angle,2338,54.49,28,a place where two lines or surfaces meet
chicken,2339,54.49,28,a large bird that is raised on farms for its eggs and meat
anxiety,2340,54.49,28,fear about what might happen; worry
virus,2341,54.48,28,"a very small, basic living thing that causes disease or sickness"
precisely,2342,54.48,28,in an exact and accurate manner
rival,2343,54.48,28,"a person, team, or organization that competes with another; a competitor"
offense,2344,54.48,28,criminal act; something that causes hurt
detect,2345,54.48,28,to discover or identify the presence of something
teenager,2346,54.47,28,a person between the ages of 13 and 19
admire,2347,54.47,28,to feel respect or wonder toward someone
moderate,2348,54.46,28,average in size or amount
surgery,2349,54.46,28,medical treatment in which a doctor cuts into a body
musician,2350,54.46,28,"a person who writes, sings, or plays music, as a job"
significance,2351,54.46,28,importance of something; the potential for something to have a big effect
shower,2352,54.45,28,the cleaning of a body by standing under falling water
illegal,2353,54.45,28,not allowed by the laws or rules
charity,2354,54.44,28,"organization providing help to the needy, the sick"
universal,2355,54.44,28,done or experienced by everyone
cigarette,2356,54.44,28,a small paper tube filled with tobacco
constitute,2357,54.44,28,to make up or be part of something
adequate,2358,54.44,28,enough; good enough for what is needed
consultant,2359,54.44,28,expert who gives (paid) advice
historian,2360,54.44,28,someone who studies or writes about the course of history
cousin,2361,54.43,28,a child of your uncle or aunt
visual,2362,54.43,28,something to look at with the eyes
stupid,2363,54.43,28,lacking the ability to learn easily; not intelligent
keen,2364,54.42,28,being eager or excited for something to happen
ethnic,2365,54.41,28,connected with people who share a cultural tradition
twin,2366,54.41,28,two children born from the same mother at the same time
clinical,2367,54.41,28,related to the examination and treatment of patients
eastern,2368,54.4,28,being in the area to the east
forecast,2369,54.4,28,"a prediction of some future thing (e.g., the weather)"
segment,2370,54.4,28,part divided from the other parts of something
custom,2371,54.4,28,what is usual or normal
adapt,2372,54.4,28,to change something to fit or suit a new purpose
sand,2373,54.39,28,grains of rock that make beaches and deserts
cap,2374,54.39,27,"small, soft hat often with a front visor or shade"
prompt,2375,54.38,27,being done quickly and with no delay
charm,2376,54.38,27,quality of making people like you; attractiveness
react,2377,54.38,27,to behave or make a change in a particular way
lecture,2378,54.37,27,talk or speech about a particular subject
venture,2379,54.37,27,activity that involves taking chances or risks
compound,2380,54.37,27,something that is made from two or more other things
rescue,2381,54.37,27,to save something from danger or harm
mess,2382,54.36,27,dirty or untidy area
preference,2383,54.36,27,something that is liked or wanted more than another
comprehensive,2384,54.35,27,including most or all things
incentive,2385,54.35,27,something that encourages a person to work hard
league,2386,54.33,27,association of sports teams that organizes matches for its members
dialog,2387,54.33,27,conversation between two or more individuals
cream,2388,54.33,27,the thick white liquid that comes from milk and is used in cooking
rapid,2389,54.32,27,happening very quickly
cancel,2390,54.32,27,to stop a planned event from happening
regret,2391,54.32,27,to be sorry about something
dismiss,2392,54.32,27,to send someone away
margin,2393,54.32,27,"the empty space at the top, bottom, and sides of a written or printed page"
beneath,2394,54.32,27,under; in or to a lower position; below
opponent,2395,54.31,27,a person that you are competing against in a game or contest
resist,2396,54.3,27,to try to stop or prevent something
capability,2397,54.3,27,"means, ability, or potential to do something"
absolute,2398,54.3,27,complete and total
correspond,2399,54.3,27,to have similarity or equality with something
stroke,2400,54.3,27,to touch someone or something repeatedly in a caring way
dare,2401,54.3,27,to have enough courage to do something
barrier,2402,54.3,27,structure or object that stops free movement
rid,2403,54.29,27,to no longer be wanted so you throw it away
divorce,2404,54.27,27,legal ending of a marriage
ruin,2405,54.26,27,"to spoil something, to make it useless"
bury,2406,54.26,27,to put something into the ground and cover it
counsel,2407,54.26,27,to listen and give expert advice to someone
tendency,2408,54.26,27,quality that something happens or someone behaves in a particular way
frequent,2409,54.26,27,happening often
motor,2410,54.25,27,a machine that uses energy to make something work or move
survival,2411,54.25,27,act of continuing to exist when facing difficulty
counter,2412,54.25,27,"a long, flat surface in a shop or kitchen where work is done"
possess,2413,54.25,27,to have or own something
permission,2414,54.24,27,right to do something as allowed by another
valley,2415,54.24,27,"long, low area between hills or mountains, often with a river running through it"
float,2416,54.24,27,to stay on the surface of a liquid and not sink
mad,2417,54.24,27,"very angry, very strong feelings, crazy"
greatly,2418,54.23,27,very much
visible,2419,54.23,26,easily seen or understood
electric,2420,54.23,26,using a particular type of energy carried through metal wire
impressive,2421,54.22,26,something makes someone admire or respect
evolution,2422,54.21,26,"slow, steady change or development"
awareness,2423,54.21,26,having knowledge of something
violent,2424,54.21,26,done with force; likely to cause physical damage
slave,2425,54.21,26,someone who is legally owned by another person
wealthy,2426,54.21,26,having a great amount of money or property
architecture,2427,54.21,26,design and construction of buildings
acceptable,2428,54.21,26,satisfactory; good enough
journal,2429,54.21,26,a written record of subjects or events
coal,2430,54.21,26,dark hard substance from the earth burnt as a fuel
measurement,2431,54.21,26,the finding of the size or amount of something or someone
random,2432,54.21,26,chosen or done without a plan or pattern
successfully,2433,54.19,26,in a manner that achieves a goal
depress,2434,54.19,26,to make someone feel very sad; to reduce the value of something
illustration,2435,54.18,26,picture that helps explain something
burst,2436,54.18,26,to break in a sudden and violent way
privilege,2437,54.18,26,advantage or right that is given to only a certain person or group of people
buyer,2438,54.18,26,someone who gets something by paying money for it
mutual,2439,54.18,26,shared between two or more people
rail,2440,54.17,26,"long, thin piece of metal"
motivate,2441,54.16,26,to make someone excited about doing something
laboratory,2442,54.15,26,a place for doing research and experiments
mortgage,2443,54.15,26,long-term loan from a bank for buying property
promotion,2444,54.14,26,moving someone to a more important position
passion,2445,54.14,26,"powerful, positive feeling about something"
champion,2446,54.13,26,person who fights for or supports strongly
fulfill,2447,54.13,26,to do something that was promised or required
dust,2448,54.13,26,fine dry powder that builds up on surfaces
dedicate,2449,54.12,26,"to give your energy, time, etc., completely to someone"
roughly,2450,54.12,26,in an inexact or imprecise manner
skirt,2451,54.12,26,piece of clothing for the lower body worn by women
province,2452,54.12,26,area that a country or nation is divided into
march,2453,54.11,26,to walk with regular steps as a group
evaluation,2454,54.11,26,judgment about the value or condition of something
compromise,2455,54.11,26,an agreement in which each side must give up some things
accomplish,2456,54.11,26,to succeed in doing; complete successfully
weakness,2457,54.11,26,quality of not being powerful or strong
announcement,2458,54.11,26,act of informing people about something publicly
salt,2459,54.11,26,natural white substance used to flavor or preserve food
glance,2460,54.1,26,to look at someone or something quickly
opera,2461,54.1,26,play with music in which all the words are sung
contest,2462,54.1,26,an event in which people try to win
brush,2463,54.1,26,thing used to comb your hair or to clean the floor
embarrass,2464,54.09,26,to cause someone to feel uncomfortable about something
gallery,2465,54.09,26,place to look at various types of art
genetic,2466,54.09,26,concerning the parts of a cell that determine particular characteristics
aggressive,2467,54.09,26,behaving in a very threatening way
chest,2468,54.09,26,the front of your body between your neck and your waist
format,2469,54.08,26,"form, design, or arrangement of something"
literary,2470,54.08,26,concerned with written works
govern,2471,54.08,26,to officially control and lead an area
embrace,2472,54.06,25,to hold someone closely
praise,2473,54.05,25,to express approval of something or someone
silent,2474,54.05,25,not speaking or making noise
pump,2475,54.04,25,to make water or any other liquid move using a machine
publisher,2476,54.04,25,business that produces books or magazines
celebration,2477,54.04,25,special event where people show the importance of something
golf,2478,54.04,25,game played to hit a ball into a hole with a stick
compensation,2479,54.04,25,money given or received as payment for loss
classical,2480,54.04,25,concerning ideas considered to be traditional
weigh,2481,54.03,25,"to determine the weight of, using scales"
versus,2482,54.03,25,used to show that a thing or person is against another thing or person
deficit,2483,54.02,25,an amount that is less than needed
modify,2484,54.02,25,to make small changes to something
flash,2485,54.02,25,sudden bright light
friendship,2486,54.02,25,feeling of liking someone; good relationship
profession,2487,54.01,25,job requiring special education or skills
literally,2488,54.01,25,in a way that expresses the exact meaning of something
equation,2489,54.01,25,a statement showing things to be equal
gesture,2490,54.01,25,a hand or body movement that expresses a particular idea or feeling
entertain,2491,54,25,to take care of guests by helping them enjoy their time
fantastic,2492,54,25,"very fanciful in design, construction, or appearance"
assign,2493,54,25,to give someone a particular job or something to do
inflation,2494,54,25,continual rise in the prices of products
historic,2495,54,25,belonging to the past; of what is important or famous in the past
injure,2496,53.98,25,do physical harm or damage
remote,2497,53.98,25,far away
therapy,2498,53.97,25,treatment intended to help fix your problem or medical illness
orange,2499,53.97,25,a color that is a mixture of red and yellow
twist,2500,53.97,25,to turn something in opposite directions at the same time
personnel,2501,53.97,25,group of people who work for a company
imagination,2502,53.96,25,the ability to think of new ideas or things that are not real
disagree,2503,53.96,25,to have a different opinion from someone
throat,2504,53.95,25,passage inside the neck used to swallow and breathe
insight,2505,53.94,25,a clear idea about how something works
tackle,2506,53.94,25,to take action to solve a difficult problem
forever,2507,53.93,25,for a very long or seemingly endless time
exceed,2508,53.93,25,to be greater in number than something
expenditure,2509,53.93,25,amount of money used during a certain time
joy,2510,53.92,25,feeling of great happiness and pleasure
pregnant,2511,53.91,25,when women carry a child inside them that is not yet born
reliable,2512,53.91,25,"deserving of your trust, dependable"
gear,2513,53.91,25,"special supplies, tools, or clothes needed for a particular activity; machinery that turns power into forward or backward movement"
click,2514,53.91,25,to press a button
poet,2515,53.91,25,person who writes poems
fortune,2516,53.91,25,"chance or luck, particularly good luck"
ceremony,2517,53.9,25,special social or religious event
pile,2518,53.9,25,group of things one on top of another
pig,2519,53.89,25,farm animal that gives bacon and ham
mixture,2520,53.89,25,something made by combining two or more things
automatically,2521,53.88,24,in a way not requiring control by a person
scholar,2522,53.87,24,a person who studies and knows a lot about a particular subject
psychological,2523,53.87,24,having to do with the mind
dramatically,2524,53.87,24,in a sudden or extreme manner
stake,2525,53.87,24,a strong stick with a pointed end that you push into the ground
creature,2526,53.87,24,animal of any type
partnership,2527,53.87,24,working with others for some purpose
participation,2528,53.86,24,act of being involved in something
clause,2529,53.86,24,"a separate part of a contract, a will, or another legal document"
penalty,2530,53.86,24,punishment for committing a crime or offense
chamber,2531,53.86,24,a room or space inside something used for a special purpose
fancy,2532,53.86,24,"not plain or ordinary, expensive"
poetry,2533,53.86,24,poetic writing; imaginative verses
chat,2534,53.85,24,to talk in a friendly and relaxed manner
clothing,2535,53.85,24,things you wear on your body
evolve,2536,53.85,24,to slowly change or develop into something better
sake,2537,53.85,24,interest or benefit of someone or something
shelf,2538,53.84,24,flat board attached to a wall on which to store things
boost,2539,53.84,24,to help increasing progress or growth
tail,2540,53.83,24,back end of an animal's body that sticks out
possession,2541,53.83,24,having or owning something
abortion,2542,53.83,24,a medical operation to end the time when a female is going to have a baby
curious,2543,53.83,24,wanting to know more about something
wooden,2544,53.82,24,made of wood
boom,2545,53.82,24,to make a deep hollow resonant sound
tale,2546,53.82,24,story about colorful and imaginary events
democratic,2547,53.81,24,of democracy; entitling the people to power
maintenance,2548,53.8,24,keeping (a machine) working by checking and fixing it
consequently,2549,53.8,24,therefore; as a result of something
pot,2550,53.8,24,"deep, round container that is used for cooking"
cow,2551,53.79,24,large farm animal from which we get milk and beef
strengthen,2552,53.79,24,to make something stronger
whilst,2553,53.79,24,during the time that; at the same time
constraint,2554,53.79,24,something that limits or prevents someone or something from moving
fold,2555,53.79,24,to move one part of something so that it lies on top of another part
bin,2556,53.79,24,a container for storing things
undergo,2557,53.79,24,"to experience something, often bad"
potentially,2558,53.78,24,that could happen or become reality
scope,2559,53.78,24,range of things that something includes
pretend,2560,53.78,24,to act as if something is true when it is not
diversity,2561,53.77,24,state or quality of having a range of different things
allege,2562,53.77,24,to state without proof
pride,2563,53.76,24,when you respect yourself
intense,2564,53.76,24,"very strong, great, or extreme in degree"
inquiry,2565,53.75,24,request for information
resign,2566,53.75,24,to leave a job because you want to
craft,2567,53.75,24,to make by hand and with much skill
strict,2568,53.75,24,must be obeyed
concrete,2569,53.74,24,"hard substance used in building made by mixing cement, sand, small stones, and water"
shell,2570,53.74,24,hard outer covering that protects
damn,2571,53.72,24,to say someone should be punished for their bad behavior
distinct,2572,53.72,24,clearly different in nature from something else
humor,2573,53.71,24,quality of being funny
limitation,2574,53.71,24,act of controlling or reducing the size of something
indication,2575,53.71,23,something that signals that something else exists or will happen
stability,2576,53.7,23,quality of not being easily moved or changed
wise,2577,53.7,23,knowledgeable about life; having good judgment
neglect,2578,53.7,23,to fail to take care of something
compose,2579,53.7,23,to come together to form or make something
jail,2580,53.7,23,place to hold criminals being punished for a crime
shelter,2581,53.69,23,a place to live or stay that protects someone from weather
mere,2582,53.69,23,small and unimportant
carbon,2583,53.69,23,a chemical element (C) found in all living things
regulate,2584,53.69,23,to make rules or laws to control something or someone
cheese,2585,53.68,23,a yellow or white food made from milk
trigger,2586,53.68,23,to make something start happening
pipe,2587,53.67,23,"tube a round, hollow piece of metal, plastic, or wood"
destruction,2588,53.67,23,damaging something so badly that it no longer exists
guitar,2589,53.67,23,stringed musical instrument played with the fingers
flag,2590,53.67,23,"piece of cloth, frequently marked with a colorful symbol or sign"
piano,2591,53.66,23,keyboard instrument used for playing music
magic,2592,53.66,23,a special power that allows impossible things to happen
mystery,2593,53.66,23,"book, play, or film that deals with a solution of a strange crime"
ski,2594,53.66,23,one of a pair of long flat boards attached to boots for moving smoothly over snow
whisper,2595,53.65,23,to talk with breath but no voice
rear,2596,53.65,23,towards the back part of something
menu,2597,53.65,23,list of dishes available at a restaurant
species,2598,53.64,23,a group of related animals or plant
moon,2599,53.64,23,round object circling the earth at night
presumably,2600,53.64,23,concerning a true or likely nature
bless,2601,53.64,23,to ask the gods to protect someone or something
airline,2602,53.64,23,company that flies passengers in its planes
amendment,2603,53.63,23,"a change, addition, or improvement to something"
grandmother,2604,53.63,23,mother of your mother or father
jury,2605,53.62,23,group of people who listen to information about something and make a decision
cooperation,2606,53.62,23,a situation where everyone works together to get something done
civilian,2607,53.61,23,ordinary person who is not in the army
composition,2608,53.61,23,something that is created from different parts to make something new
coin,2609,53.6,23,"a small, flat piece of metal used as money"
regardless,2610,53.6,23,without being affected or concerned by something difficult or troubling
scan,2611,53.59,23,to look within something for a particular person or thing
bunch,2612,53.59,23,group of things of the same kind
racial,2613,53.58,23,relating to a person's group based on inherited physical appearance
greet,2614,53.58,23,to meet someone with friendly words and actions; to welcome
hopefully,2615,53.58,23,in a manner wishing something to happen
sanction,2616,53.58,23,action taken to force a country to obey laws
trick,2617,53.58,23,to make someone believe something that is not true
paragraph,2618,53.58,23,section of writing that usually deals with one subject
maker,2619,53.57,23,"person, company, or object that creates things"
chocolate,2620,53.56,23,a sweet brown food made from cocoa beans
stimulate,2621,53.56,23,excite to action
belt,2622,53.56,23,band of material worn around a person's waist
potato,2623,53.55,23,edible vegetable
narrative,2624,53.55,23,the telling of a story
tissue,2625,53.55,23,"piece of thin, soft paper"
barely,2626,53.54,23,almost not possible or does not happen
invent,2627,53.54,23,to create something useful for the first time
tourism,2628,53.54,23,"traveling to new places (e.g., abroad, for vacations)"
pro,2629,53.53,23,someone who earns money doing something they are particularly good at
stair,2630,53.53,23,steps that go from one level to another
hesitate,2631,53.52,23,to stop before doing something because you are unsure what to do
shine,2632,53.52,23,to make bright light
motivation,2633,53.52,23,feeling in a person that makes him or her want to do something
romantic,2634,53.51,22,related to strong feelings of love between two people
firmly,2635,53.51,22,"in a hard, steady, unchanging way"
interior,2636,53.51,22,inside part of something
stomach,2637,53.51,22,place in the body where food is broken down so your body can use it
nowhere,2638,53.5,22,not in or at any place; no place
pray,2639,53.49,22,to wish or hope for something to happen or be true
championship,2640,53.48,22,sports competition to find the best player or team
servant,2641,53.48,22,a person who works in another person's house and takes care of them
immigrant,2642,53.48,22,person moving to another country to live there
excess,2643,53.48,22,amount that is more than necessary
complexity,2644,53.47,22,state of having many parts and not being simple
liability,2645,53.47,22,"something that is owed to someone else (e.g., a debt)"
surprisingly,2646,53.46,22,in an unexpected way
extract,2647,53.46,22,to take something out of something else
implementation,2648,53.45,22,"making a law, system, or plan start to happen or be used"
bias,2649,53.44,22,a strong feeling not based on facts to believe one thing over another
differently,2650,53.44,22,in a way that is not the same
catalog,2651,53.43,22,list of items that are available for purchase
continuous,2652,53.43,22,happening without stops
golden,2653,53.42,22,"made of valuable, heavy, yellow metal"
stamp,2654,53.42,22,small piece of paper you buy to put on a letter that you mail
guideline,2655,53.41,22,"rule, instruction, or principle"
envelope,2656,53.41,22,cover for a letter or card
knife,2657,53.41,22,long piece of metal you use for cutting things
biological,2658,53.4,22,something related to life and living things
consume,2659,53.4,22,"to eat, drink, buy or use up something"
luxury,2660,53.39,22,something expensive or costly that is not needed which is bought for pleasure
weekly,2661,53.39,22,happening once a week
wherever,2662,53.39,22,in any situation or at any time that
bite,2663,53.38,22,to press down on or cut into something with the teeth
printer,2664,53.38,22,machine that makes copies of papers and documents
firstly,2665,53.38,22,before anything else
anxious,2666,53.38,22,afraid of what may happen; worried and nervous
adventure,2667,53.38,22,an exciting and often dangerous experience
fence,2668,53.37,22,a wooden or metal structure that separates an area
exhaust,2669,53.36,22,"to use all of something such as energy, resources, or possibilities; to make someone very, very tired"
attraction,2670,53.36,22,interesting place people want to visit
ocean,2671,53.36,22,large body of salt water that covers most of the surface of the earth
quietly,2672,53.36,22,making little sound
castle,2673,53.36,22,a strong building used in the past to protect people in times of war
veteran,2674,53.35,22,experienced through long service or practice
reflection,2675,53.35,22,"image that you see in a mirror, glass, or water"
nerve,2676,53.35,22,long thin cells in the body that makes feeling and movement possible
determination,2677,53.34,22,will to achieve a goal despite difficulties
altogether,2678,53.34,22,completely and fully
fiction,2679,53.33,22,"book or story including ideas, people, and events that are not real"
carpet,2680,53.31,21,colored floor covering made of wool or other material
cluster,2681,53.31,21,"to come together to form a group of people, animals, or things"
confusion,2682,53.29,21,not knowing what to do
hurry,2683,53.29,21,to move quickly
logic,2684,53.29,21,a way of thinking by using facts and reasoning
controversial,2685,53.28,21,"causing a great deal of argument, discussion, or conflict"
raw,2686,53.28,21,uncooked
grammar,2687,53.26,21,rules that explain how words are used in a language
revise,2688,53.26,21,to make changes to improve something
hint,2689,53.26,21,information that helps you understand or do something more easily
hook,2690,53.25,21,curved or bent tool
bell,2691,53.25,21,a hollow metal object shaped like a cup that rings when it is hit
liquid,2692,53.24,21,basic state of things that is similar to water; not solid or gas
panic,2693,53.24,21,overwhelming feeling of fear and anxiety
uncle,2694,53.23,21,brother of your father or mother or the husband of your aunt
rice,2695,53.22,21,white or brown grains from a plant used for food
slope,2696,53.22,21,an area of land that is higher on one side than the other
happiness,2697,53.21,21,state of feeling pleased; feeling of satisfaction
genuine,2698,53.21,21,"being real, actual, and not false"
vessel,2699,53.2,21,"pot, container"
verb,2700,53.2,21,word that expresses an action or state
reckon,2701,53.19,21,to believe that something is true or possible; to calculate or guess
silly,2702,53.18,21,lacking seriousness or foolish
transportation,2703,53.18,21,"act, system, or business of moving people or goods from one place to another"
harbor,2704,53.18,21,area of water protected by land and used by ships
comedy,2705,53.17,21,"light or funny play or film, usually with a happy ending"
chase,2706,53.17,21,to follow and try to catch someone or something
storage,2707,53.16,21,a safe place to keep something until it is needed
universe,2708,53.16,21,all of space and everything in it
horrible,2709,53.16,21,very unpleasant
sheep,2710,53.16,21,farm animal kept for meat and wool
lover,2711,53.16,21,a person who likes someone or something very strongly
rat,2712,53.15,21,an animal that looks like a large mouse
portrait,2713,53.15,21,"painting, drawing, or photograph of a person's head and shoulders"
innocent,2714,53.15,21,not having done anything wrong or bad
substitute,2715,53.14,21,person or thing that takes the place of something
supplement,2716,53.14,21,something added to another thing to make it better
adjustment,2717,53.13,21,a small change to make something function better
reasonably,2718,53.13,21,in a fair and just manner
filter,2719,53.13,21,device to remove unwanted substances from a liquid or gas
flexible,2720,53.13,21,capable of being easily bent or changed without breaking
abstract,2721,53.12,21,concerning something that doesn't exist physically
tent,2722,53.11,20,portable cloth shelter used outdoors
precise,2723,53.11,20,very accurate and exact expression or detail
distant,2724,53.1,20,existing or happening far away in space
stranger,2725,53.1,20,someone you do not know
shade,2726,53.09,20,area of darkness where something stops the light
grain,2727,53.07,20,seeds of plants used for food
situate,2728,53.07,20,to place someone or something in a particular place or position
summarize,2729,53.07,20,to state the main or most important ideas of something
leap,2730,53.07,20,to move forwards often in big steps
snap,2731,53.06,20,to break something long and thin
probability,2732,53.06,20,what the chances are that something will happen
leather,2733,53.05,20,a material made from the skin of an animal
uncertainty,2734,53.04,20,feeling that you don't really know what will happen
swear,2735,53.04,20,to make a serious promise to do something
refugee,2736,53.03,20,a person who ran away from his or her country because of war
shore,2737,53.02,20,land along the edge of an area of water
monthly,2738,52.99,20,occurring twelve times a year
comprise,2739,52.98,20,to make up or form something
stir,2740,52.98,20,to mix something by making circular movements in it with a tool
excitement,2741,52.96,20,when people feel very happy and enthusiastic
sigh,2742,52.95,20,to breathe out in a way to show boredom or disappointment
pregnancy,2743,52.95,20,time when a female is going to have a baby
experimental,2744,52.95,20,using techniques that are different or untried before
institutional,2745,52.94,20,concerning a large organization such as a hospital or university
slice,2746,52.94,20,a flat piece of food that has been cut from a bigger piece
wander,2747,52.94,20,to move around without purpose
empire,2748,52.93,20,group of countries controlled by one government
subsequently,2749,52.93,20,after something else has happened
gentle,2750,52.91,20,kind and quiet in nature; not harsh or violent
attendance,2751,52.9,19,state of being present at a place or event
ownership,2752,52.89,19,legal right to have something belong to you
qualification,2753,52.89,19,official record proving a certain standard or level
suspend,2754,52.88,19,to stop something for a period of time; to interrupt
functional,2755,52.87,19,useful; not just for decoration
voluntary,2756,52.86,19,done or given by their own will and not forced to do
pale,2757,52.86,19,light in color
stain,2758,52.86,19,to mark or change the color of something so it looks dirty
athlete,2759,52.85,19,person trained to compete in sports
organic,2760,52.85,19,concerning food made with few or no chemicals
tongue,2761,52.85,19,part of the mouth that tastes food and is used for speaking
server,2762,52.82,19,a person or thing that brings things to you when asked to
structural,2763,52.82,19,related to the way something is built or organized
website,2764,52.82,19,a set of internet pages that give information about a particular person or organization
fool,2765,52.81,19,a stupid or silly person
alongside,2766,52.81,19,side by side with something
unite,2767,52.8,19,to join or come together as one
gently,2768,52.79,19,"in a mild, careful, and soft manner"
compute,2769,52.78,19,to find out by calculating or estimating
wipe,2770,52.76,19,to clean or dry something with a cloth
weird,2771,52.75,19,odd or unusual
gaze,2772,52.74,19,a long continuous look at someone or something
fade,2773,52.73,19,to lose strength or freshness
cough,2774,52.73,19,"to force air through your throat with a short, loud noise"
hypothesis,2775,52.71,19,idea that leads to further study or discussion
royal,2776,52.69,19,concerning a king or queen
theoretical,2777,52.67,19,involving the uncertain or yet to be proved parts of a particular subject
curtain,2778,52.67,18,piece of cloth used to cover a window
mayor,2779,52.55,18,head of a city's government
darkness,2780,52.49,18,quality of no or little light
aunt,2781,52.45,18,sister of your father or mother or the wife of your uncle
tournament,2782,52.4,17,a competition made up of a series of games between many competitors
registration,2783,52.38,17,act of recording information on an official list
fragment,2784,52.38,17,part that is broken off of something
listener,2785,52.32,17,someone who pays attention to what is said
immigration,2786,52.28,17,the act of moving from one country to another for good
tender,2787,52.12,16,loving and gentle
density,2788,52.05,16,number of people or things in a particular area
ugly,2789,52,16,unpleasant to look at; not attractive
module,2790,51.85,15,part or unit with a specific job
faithfully,2791,51.79,15,in a trustworthy manner
autumn,2792,51.75,15,"season when the weather is getting colder, between summer and winter"
cheek,2793,51.73,15,"soft skin on each side of the face, below the eyes"
attachment,2794,51.69,15,strong affection for someone
holder,2795,51.58,14,person who owns or has received something
solar,2796,51.47,14,"to do with the sun, like sunlight or the heat from the sun"
grin,2797,50.96,12,to smile a big smile
rose,2798,50.8,12,a red flower used to show love
noun,2799,50.41,11,"a word that refers to a person, place, thing, quality, idea, or action"
fortunate,2800,50.37,11,having good luck
alright,2801,50.32,11,good; acceptable
lazy,2802,50.05,10,not liking to work or make an effort
hello,2803,49.89,10,what you say when you meet someone
hunger,2804,49.7,9,feeling of needing to eat food
insure,2805,49.65,9,to buy protection against possible loss or injury
ashamed,2806,49.28,8,feeling shame or guilt because you did something wrong
found,2807,48.26,7,to start something such as a company or organization
blog,2808,48.19,7,a website with regularly updated short articles and opinions about a particular topic
thirst,2809,44.79,3,need for something to drink
